generic_substance_id,generic_substance_name,chemical_in_category_cas,chemical_in_category_name
NA-01,Antimony & compounds,1309-64-4,AntimonyTrioxide
NA-01,Antimony & compounds,1345-04-6,Antimony(III) Sulfide
NA-01,Antimony & compounds,1314-60-9,Antimony(V) Oxide
NA-01,Antimony & compounds,10025-91-9,Antimony Trichloride
NA-01,Antimony & compounds,7789-61-9,Antimony Tribromide
NA-01,Antimony & compounds,28300-74-5,Antimony Potassium Tartrate
NA-01,Antimony & compounds,7783-70-2,Antimony Pentafluoride
NA-01,Antimony & compounds,6923-52-0,Antimony(III) Acetate
NA-01,Antimony & compounds,5965-33-3,Antimony Potassium Oxalate
NA-02,Arsenic & compounds,98-50-0,(4-Aminophenyl)arsonic acid
NA-02,Arsenic & compounds,1303-28-2,Arsenic(V) pentoxide
NA-02,Arsenic & compounds,1303-33-9,Arsenic(III) sulfide
NA-02,Arsenic & compounds,7784-34-1,Arsenic chloride
NA-02,Arsenic & compounds,1327-53-3,Arsenic oxide (As2O3)
NA-02,Arsenic & compounds,7784-42-1,Arsine
NA-02,Arsenic & compounds,75-60-5,Dimethylarsinic acid
NA-02,Arsenic & compounds,7784-40-9,Lead arsenate (1:1)
NA-02,Arsenic & compounds,144-21-8,Disodium methanearsonate
NA-02,Arsenic & compounds,2163-80-6,Monosodium methanearsonate
NA-02,Arsenic & compounds,7784-41-0,Potassium arsenate
NA-02,Arsenic & compounds,13464-35-2,Potassium arsenite anhydrous
NA-02,Arsenic & compounds,7631-89-2,Sodium arsenate
NA-02,Arsenic & compounds,7784-46-5,Sodium arsenite
NA-02,Arsenic & compounds,124-65-2,"Cacodylic acid, sodium salt"
NA-03,Barium & compounds,543-80-6,Barium acetate
NA-03,Barium & compounds,513-77-9,Barium carbonate
NA-03,Barium & compounds,10361-37-2,Barium chloride
NA-03,Barium & compounds,17194-00-2,Barium hydroxide
NA-03,Barium & compounds,1304-28-5,Barium oxide
NA-04,Beryllium & compounds,543-81-7,Beryllium acetate
NA-04,Beryllium & compounds,13106-47-3,"Carbonic acid, beryllium salt (1:1)"
NA-04,Beryllium & compounds,66104-24-3,Beryllium carbonate hydroxide (3/2/2)
NA-04,Beryllium & compounds,7787-47-5,Beryllium chloride
NA-04,Beryllium & compounds,13598-15-7,Beryllium hydrogen phosphate
NA-04,Beryllium & compounds,13327-32-7,Beryllium hydroxide (Be(OH)?2)
NA-04,Beryllium & compounds,13597-99-4,Beryllium nitrate (Be(NO3)2)
NA-04,Beryllium & compounds,19049-40-2,Beryllium oxide acetate (4/1/6)
NA-04,Beryllium & compounds,63990-88-5,Beryllium oxyfluoride
NA-04,Beryllium & compounds,13510-49-1,Beryllium sulfate
NA-04,Beryllium & compounds,13597-95-0,Beryllium perchlorate
NA-04,Beryllium & compounds,7787-56-6,Beryllium sulfate tetrahydrate
NA-04,Beryllium & compounds,542-63-2,Beryllium diethan-1-ide
NA-04,Beryllium & compounds,15721-33-2,Beryllium dipropan-2-ide
NA-04,Beryllium & compounds,506-63-8,Beryllium dimethanide
NA-04,Beryllium & compounds,64059-26-3,Beryllium bis(2-hydroxypropanoate)
NA-04,Beryllium & compounds,63915-76-4,Beryllium sodium 2-oxidobutanedioate (1/1/1)
NA-05,Boron & compounds,1303-96-4,Borax
NA-05,Boron & compounds,10043-35-3,Boric acid
NA-05,Boron & compounds,1303-86-2,Boron oxide
NA-05,Boron & compounds,12069-32-8,Boron carbide
NA-05,Boron & compounds,10043-11-5,Boron nitride
NA-05,Boron & compounds,10294-33-4,Boron tribromide
NA-05,Boron & compounds,10294-34-5,Boron trichloride
NA-05,Boron & compounds,7637-07-2,Boron trifluoride
NA-06,Cadmium & compounds,513-78-0,Cadmium Carbonate
NA-06,Cadmium & compounds,10108-64-2,Cadmium Chloride
NA-06,Cadmium & compounds,1306-19-0,Cadmium Oxide
NA-06,Cadmium & compounds,10124-36-4,Cadmium Sulfate
NA-06,Cadmium & compounds,1306-23-6,Cadmium Sulfide
NA-07,Certain glycol ethers,109-39-7,"9-Octadecenoic acid (Z)-, 2-butoxyethyl ester"
NA-07,Certain glycol ethers,110-71-4,"Ethane, 1,2-dimethoxy-"
NA-07,Certain glycol ethers,111-15-9,"Ethanol, 2-ethoxy-, acetate"
NA-07,Certain glycol ethers,111-76-2,"Ethanol, 2-butoxy-"
NA-07,Certain glycol ethers,111-77-3,"Ethanol, 2-(2-methoxyethoxy)-"
NA-07,Certain glycol ethers,111-90-0,"Ethanol, 2-(2-ethoxyethoxy)-"
NA-07,Certain glycol ethers,111-96-6,"Ethane, 1,1'-oxybis[2-methoxy-]"
NA-07,Certain glycol ethers,112-07-2,"Ethanol, 2-butoxy-, acetate"
NA-07,Certain glycol ethers,112-25-4,"Ethanol, 2-(hexyloxy)-"
NA-07,Certain glycol ethers,112-34-5,"Ethanol, 2-(2-butoxyethoxy)-"
NA-07,Certain glycol ethers,112-35-6,"Ethanol, 2-[2-(2-methoxyethoxy)ethoxy]-"
NA-07,Certain glycol ethers,112-36-7,"Ethane, 1,1'-oxybis[2-ethoxy-]"
NA-07,Certain glycol ethers,112-49-2,"2,5,8,11-Tetraoxadodecane"
NA-07,Certain glycol ethers,112-50-5,"Ethanol, 2-[2-(2-ethoxyethoxy)ethoxy]-"
NA-07,Certain glycol ethers,112-59-4,"Ethanol, 2-[2-(hexyloxy)ethoxy]-"
NA-07,Certain glycol ethers,122-99-6,"Ethanol, 2-phenoxy-"
NA-07,Certain glycol ethers,143-22-6,"Ethanol, 2-[2-(2-butoxyethoxy)ethoxy]-"
NA-07,Certain glycol ethers,1002-67-1,"Ethane, 1-ethoxy-2-(2-methoxyethoxy)-"
NA-07,Certain glycol ethers,2370-63-0,"2-Propenoic acid, 2-methyl-, 2-ethoxyethyl ester"
NA-07,Certain glycol ethers,2807-30-9,"Ethanol, 2-propoxy-"
NA-07,Certain glycol ethers,6807-11-0,"Ethanol, 2-(4-methylphenoxy)-, acetate"
NA-07,Certain glycol ethers,6881-94-3,"Ethanol, 2-(2-propoxyethoxy)-"
NA-07,Certain glycol ethers,7328-17-8,"2-Propenoic acid, 2-(2-ethoxyethoxy)ethyl ester"
NA-07,Certain glycol ethers,7382-32-3,"Butane, 1-[2-(2-methoxyethoxy)ethoxy]-"
NA-07,Certain glycol ethers,103-60-6,"2-Propenoic acid, 2-methyl-, 2-phenoxyethyl ester"
NA-07,Certain glycol ethers,14260-98-1,"Ethanol, 2-butoxy-, dihydrogen phosphate"
NA-07,Certain glycol ethers,19234-20-9,"Ethanol, 2-(1-methylethoxy)-, acetate"
NA-07,Certain glycol ethers,20441-70-7,"Hexadecanoic acid, 2-butoxyethyl ester"
NA-07,Certain glycol ethers,23305-64-8,"Ethanol, 2-[2-(2-propoxyethoxy)ethoxy]-"
NA-07,Certain glycol ethers,24493-59-2,"2-Propenoic acid, 2-methyl-, 2-[2-(2-methoxyethoxy)ethoxy]ethyl ester"
NA-07,Certain glycol ethers,25961-89-1,"Ethanol, 2-[2-[2-(hexyloxy)ethoxy]ethoxy]-"
NA-07,Certain glycol ethers,27816-23-5,"2-Propenoic acid, 2-cyano-, 2-methoxyethyl ester"
NA-07,Certain glycol ethers,39670-09-2,"2-Propenoic acid, 2-methyl-, 2-[2-(2-ethoxyethoxy)ethoxy]ethyl ester"
NA-07,Certain glycol ethers,48145-04-6,"2-Propenoic acid, 2-phenoxyethyl ester"
NA-07,Certain glycol ethers,51422-54-9,"Propane, 2-(2-ethoxyethoxy)-2-methyl-"
NA-07,Certain glycol ethers,66728-50-5,"Propane, 2-(2-methoxyethoxy)-2-methyl-"
NA-08,Chromium & compounds,12336-95-7,Chromium hydroxide sulfate (Cr(OH)(SO4))
NA-08,Chromium & compounds,1066-30-4,Chromium(III) acetate
NA-08,Chromium & compounds,10025-73-7,Chromium chloride (CrCl3)
NA-08,Chromium & compounds,1308-14-1,Chromium(III) hydroxide
NA-08,Chromium & compounds,13548-38-4,Chromium(III) nitrate
NA-08,Chromium & compounds,1308-38-9,Chromium(III) oxide
NA-08,Chromium & compounds,13537-21-8,"Perchloric acid, chromium(3+) salt (3:1)"
NA-08,Chromium & compounds,7789-04-0,"Phosphoric acid, chromium(3+) salt (1:1)"
NA-08,Chromium & compounds,12018-18-7,Chromium nickel oxide
NA-08,Chromium & compounds,10141-00-1,"Sulfuric acid, chromium(3+) potassium salt (2:1:1)"
NA-08,Chromium & compounds,7788-98-9,Ammonium chromate
NA-08,Chromium & compounds,7789-09-5,Ammonium dichromate
NA-08,Chromium & compounds,10294-40-3,Barium chromate
NA-08,Chromium & compounds,1344-38-3,C.I. Pigment Orange 21
NA-08,Chromium & compounds,13765-19-0,Calcium monochromate
NA-08,Chromium & compounds,14986-48-2,Chromium(6+) hexachloride
NA-08,Chromium & compounds,1333-82-0,Chromium trioxide
NA-08,Chromium & compounds,14977-61-8,Chromyl chloride
NA-08,Chromium & compounds,7758-97-6,Lead(II) chromate
NA-08,Chromium & compounds,12656-85-8,C.I. Pigment Red 104
NA-08,Chromium & compounds,7789-00-6,Potassium chromate(VI)
NA-08,Chromium & compounds,7778-50-9,Potassium dichromate
NA-08,Chromium & compounds,7775-11-3,Sodium chromate
NA-08,Chromium & compounds,10588-01-9,Sodium dichromate
NA-08,Chromium & compounds,7789-06-2,Strontium chromate
NA-08,Chromium & compounds,13530-65-9,"Chromic acid (H2CrO4), zinc salt (1:1)"
NA-08,Chromium & compounds,11103-86-9,Zinc potassium chromate
NA-08,Chromium & compounds,13007-92-6,Chromium carbonyl
NA-08,Chromium & compounds,24613-89-6,Chromium chromate (Cr2(CrO4)3)
NA-08,Chromium & compounds,10049-05-5,Chromium(2+) dichloride
NA-08,Chromium & compounds,12018-01-8,Chromium oxide (CrO2)
NA-09,Cobalt & compounds,71-48-7,Cobalt(II) acetate
NA-09,Cobalt & compounds,6147-53-1,Cobalt(II) acetate tetrahydrate
NA-09,Cobalt & compounds,917-69-1,Cobaltic acetate
NA-09,Cobalt & compounds,513-79-1,Cobalt(II) carbonate
NA-09,Cobalt & compounds,10210-68-1,Dicobalt octacarbonyl
NA-09,Cobalt & compounds,7646-79-9,Cobalt chloride
NA-09,Cobalt & compounds,21041-93-0,Cobalt hydroxide (Co(OH)?2)
NA-09,Cobalt & compounds,61789-51-3,Cobalt naphthenates
NA-09,Cobalt & compounds,10141-05-6,Cobalt(II) nitrate
NA-09,Cobalt & compounds,10026-22-9,Cobalt nitrate hexahydrate
NA-09,Cobalt & compounds,1307-96-6,Cobalt(II) oxide
NA-09,Cobalt & compounds,1308-04-1,Cobalt oxide (Co2O3)
NA-09,Cobalt & compounds,1308-06-1,Cobalt oxide (Co3O4)
NA-09,Cobalt & compounds,10124-43-3,Cobalt sulfate
NA-09,Cobalt & compounds,10026-24-1,Cobalt sulfate heptahydrate
NA-09,Cobalt & compounds,1317-42-6,Cobalt monosulfide
NA-10,Copper & compounds,20543-04-8,"Octanoic acid, copper salt"
NA-10,Copper & compounds,10380-28-6,Copper-8-hydroxyquinoline (1:2)
NA-10,Copper & compounds,10402-16-1,"9-Octadecenoic acid (9Z)-, copper salt"
NA-10,Copper & compounds,814-91-5,Copper(II) oxalate
NA-10,Copper & compounds,814-91-5,Copper(II) oxalate
NA-10,Copper & compounds,50376-91-5,Copper etidronic acid complex
NA-10,Copper & compounds,14215-52-2,Copper ethanolamine complex
NA-10,Copper & compounds,13426-91-0,Copper ethylene diamine complex
NA-10,Copper & compounds,82027-59-6,Cupric triethanolamine
NA-10,Copper & compounds,1184-64-1,Copper(II) carbonate
NA-10,Copper & compounds,33113-08-5,Copper ammonium carbonate
NA-10,Copper & compounds,1332-40-7,Basic copper chloride
NA-10,Copper & compounds,10125-13-0,Cupric chloride dihydrate
NA-10,Copper & compounds,1332-65-6,Copper oxychloride
NA-10,Copper & compounds,8012-69-9,Copper oxychloride sulfate
NA-10,Copper & compounds,1317-39-1,Cuprous oxide
NA-10,Copper & compounds,12168-20-6,Copper iron hydroxide sulfate
NA-10,Copper & compounds,7758-99-8,"Copper(II) sulfate, pentahydrate"
NA-10,Copper & compounds,16828-95-8,"Copper(II), tetraamine-"
NA-10,Copper & compounds,20427-59-2,Copper(II) hydroxide
NA-10,Copper & compounds,3251-23-8,Copper nitrate
NA-10,Copper & compounds,1317-38-0,Cupric oxide
NA-10,Copper & compounds,7758-98-7,Copper sulfate
NA-11,Cyanide & compounds,74-90-8,Hydrogen cyanide
NA-11,Cyanide & compounds,143-33-9,Sodium cyanide
NA-11,Cyanide & compounds,151-50-8,Potassium cyanide
NA-11,Cyanide & compounds,592-01-8,Calcium cyanide
NA-11,Cyanide & compounds,544-92-3,Copper(l) cyanide
NA-11,Cyanide & compounds,506-61-6,Potassium silver cyanide
NA-11,Cyanide & compounds,460-19-5,Cyanogen
NA-11,Cyanide & compounds,506-77-4,Cyanogen chloride
NA-11,Cyanide & compounds,1762-95-4,Ammonium thiocyanate
NA-12,Lead & compounds,301-04-2,Lead acetate
NA-12,Lead & compounds,6080-56-4,Lead acetate trihydrate
NA-12,Lead & compounds,7758-95-4,Lead chloride
NA-12,Lead & compounds,10099-74-8,Lead nitrate
NA-12,Lead & compounds,1335-32-6,Lead subacetate
NA-12,Lead & compounds,78-00-2,Tetraethyl lead
NA-12,Lead & compounds,75-74-1,Tetramethyl lead
NA-13,Manganese & compounds,12108-13-3,(Methylcyclopentadienyl)tricarbonylmanganese
NA-13,Manganese & compounds,598-62-9,Manganese carbonate (1:1)
NA-13,Manganese & compounds,638-38-0,Manganese(II) acetate
NA-13,Manganese & compounds,12427-38-2,Maneb
NA-13,Manganese & compounds,1344-43-0,Manganese(II) oxide
NA-13,Manganese & compounds,7785-87-7,Manganese sulfate (1:1)
NA-13,Manganese & compounds,7782-64-1,Manganese fluoride (MnF2)
NA-13,Manganese & compounds,12228-91-0,Tetraboron manganese heptaoxide
NA-13,Manganese & compounds,1320-46-3,"Manganese(2+) 1,5-dihydroxypentan-3-yl phosphate 2,3-dihydroxypropyl phosphate (2/1/1)"
NA-13,Manganese & compounds,10377-66-9,"Nitric acid, manganese(2+) salt (2:1)"
NA-13,Manganese & compounds,1313-13-9,Manganese dioxide
NA-13,Manganese & compounds,7722-64-7,Potassium permanganate
NA-14,Mercury & compounds,7487-94-7,Mercuric chloride
NA-14,Mercury & compounds,10112-91-1,Mercurous Chloride
NA-14,Mercury & compounds,21908-53-2,Mercuric oxide
NA-14,Mercury & compounds,16056-34-1,Methylmercury
NA-14,Mercury & compounds,7783-39-3,Mercury(II) fluoride
NA-14,Mercury & compounds,13967-25-4,Mercury(I) fluoride
NA-14,Mercury & compounds,7789-47-1,Mercury(II) bromide
NA-14,Mercury & compounds,7774-29-0,Mercury diiodide
NA-14,Mercury & compounds,10045-94-0,Mercury nitrate
NA-14,Mercury & compounds,7783-35-9,Mercuric sulfate
NA-14,Mercury & compounds,10415-75-5,Mercurous nitrate
NA-14,Mercury & compounds,592-85-8,Mercuric thiocyanate
NA-14,Mercury & compounds,62-38-4,Phenylmercuric acetate
NA-14,Mercury & compounds,54-64-8,Thimerosal
NA-15,Nickel & compounds,12054-48-7,Nickel hydroxide (Ni(OH)2)
NA-15,Nickel & compounds,1313-99-1,Nickel (II) oxide
NA-15,Nickel & compounds,1313-99-1,Nickel oxide (Ni2O3)
NA-15,Nickel & compounds,16812-54-7,Nickel sulfide (NiS)
NA-15,Nickel & compounds,12035-72-2,Nickel subsulfide
NA-15,Nickel & compounds,3333-67-3,Nickel carbonate
NA-15,Nickel & compounds,12607-70-4,Nickel carbonate hydroxide
NA-15,Nickel & compounds,373-02-4,Nickel(II) acetate
NA-15,Nickel & compounds,6018-89-9,Nickel diacetate tetrahydrate
NA-15,Nickel & compounds,15699-18-0,"Sulfuric acid, ammonium nickel(2+) salt (2:2:1)"
NA-15,Nickel & compounds,25749-08-0,"Ammonium nickel sulfate ((NH4)2Ni2(SO4)3) (6CI,7CI)"
NA-15,Nickel & compounds,51287-85-5,Nickel(2+) sulfate--sulfuric acid--ammonia--water (1/1/1/2/6)
NA-15,Nickel & compounds,7718-54-9,Nickel(II) chloride
NA-15,Nickel & compounds,7791-20-0,Nickel(II) chloride hexahydrate
NA-15,Nickel & compounds,13478-00-7,Nickel nitrate hexahydrate
NA-15,Nickel & compounds,7786-81-4,Nickel sulfate
NA-15,Nickel & compounds,10101-97-0,Nickel(II) sulfate hexahydrate
NA-15,Nickel & compounds,10101-98-1,Nickel(II) sulfate heptahydrate
NA-15,Nickel & compounds,13463-39-3,Nickel carbonyl
NA-15,Nickel & compounds,12035-52-8,"Antimony, compdound with nickel (1:1)"
NA-15,Nickel & compounds,73482-18-5,Nickel monoantimonide
NA-15,Nickel & compounds,12125-61-0,Breithauptite
NA-15,Nickel & compounds,27016-75-7,Nickel arsenide (NiAs)
NA-15,Nickel & compounds,12137-13-2,Nickel selenide (Ni-Se)
NA-15,Nickel & compounds,12201-85-3,Makinenite
NA-15,Nickel & compounds,12142-88-0,Nickel telluride (NiTe)
NA-15,Nickel & compounds,24270-51-7,Imgreite
NA-15,Nickel & compounds,12035-39-1,Nickel titanium oxide (NiTiO3)
NA-15,Nickel & compounds,71631-15-7,C.I. Pigment Black 30
NA-15,Nickel & compounds,68187-10-0,C.I. Pigment Brown 34
NA-15,Nickel & compounds,1271-28-9,Nickelocene
NA-16,Vanadium & compounds,27774-13-6,Vanadyl sulfate
NA-16,Vanadium & compounds,13718-26-8,Sodium vanadate
NA-16,Vanadium & compounds,13721-39-6,Sodium orthovanadate
NA-16,Vanadium & compounds,7803-55-6,Ammonium trioxovanadate
NA-16,Vanadium & compounds,10580-52-6,Vanadium dichloride
NA-16,Vanadium & compounds,1314-34-7,Vanadium trioxide
NA-16,Vanadium & compounds,7632-51-1,"Vanadium chloride (VCl4), (T-4)-"
NA-17,Warfarin & salts,81-81-2,Warfarin
NA-17,Warfarin & salts,129-06-6,"2H-1-Benzopyran-2-one, 4-hydroxy-3-(3-oxo-1-phenylbutyl)-, sodium salt"
NA-17,Warfarin & salts,2084-55-1,"Coumarin, 3-(?-acetonylbenzyl)-4-hydroxy-, calcium salt"
NA-17,Warfarin & salts,2084-56-2,"Coumarin, 3-(?-acetonylbenzyl)-4-hydroxy-, magnesium salt"
NA-17,Warfarin & salts,2610-86-8,"2H-1-Benzopyran-2-one, 4-hydroxy-3-(3-oxo-1-phenylbutyl)-, potassium salt"
NA-17,Warfarin & salts,2784-36-3,"2H-1-Benzopyran-2-one, 4-hydroxy-3-(3-oxo-1-phenylbutyl)-, lithium salt"
NA-17,Warfarin & salts,5543-79-3,"2H-1-benzopyran-2-one, 4-hydroxy-3-(3-oxo-1-phenylbutyl)-, sodium salt, (S)-"
NA-17,Warfarin & salts,36508-91-5,"2H-1Benzopyran-2-one, 4-hydroxy-3-(3-oxo-1-phenylbutyl)-, sodium salt, (R)-"
NA-17,Warfarin & salts,51821-81-9,"2H-1-Benzopyran-2-one, 4-hydroxy-3-(3-oxo-1-phenylbutyl)-, sodium salt, (ï¿½)-"
NA-17,Warfarin & salts,67523-25-5,"2H-1-Benzopyran-2-one, 4-hydroxy-3-(3-oxo-1-phenylbutyl)-, thallium(1+) salt"
NA-18,Zinc & compounds,1314-13-2,Zinc oxide
NA-18,Zinc & compounds,7646-85-7,Zinc chloride
NA-18,Zinc & compounds,7733-02-0,Zinc sulfate
NA-18,Zinc & compounds,1314-98-3,Zinc sulfide
NA-19,Thallium & compounds,6533-73-9,Thallium carbonate
NA-19,Thallium & compounds,7790-30-9,Thallium iodide
NA-19,Thallium & compounds,12039-52-0,Thallium selenite
NA-19,Thallium & compounds,7446-18-6,Thallium (I) sulfate
NA-19,Thallium & compounds,7446-18-6,Thallium (I) sulfate
NA-19,Thallium & compounds,20398-06-5,"Ethanol, thallium(1+) salt (1:1)"
NA-19,Thallium & compounds,7789-40-4,Thallium bromide
NA-19,Thallium & compounds,563-68-8,Thallium acetate
NA-19,Thallium & compounds,13453-30-0,Thallium(1+) chlorate
NA-19,Thallium & compounds,7791-12-0,Thallium chloride
NA-19,Thallium & compounds,10102-45-1,Thallium nitrate
NA-19,Thallium & compounds,1314-32-5,Thallic oxide
NA-20,Nicotine & salts,25162-00-9,3-[(2R)-1-Methylpyrrolidin-2-yl]pyridine
NA-20,Nicotine & salts,22083-74-5,3-(1-Methylpyrrolidin-2-yl)pyridine
NA-20,Nicotine & salts,69980-24-1,3-[1-(~2~H_3_)Methylpyrrolidin-2-yl]pyridine
NA-20,Nicotine & salts,1189681-48-8,"3-[1-Methyl(2,3,3-~2~H_3_)pyrrolidin-2-yl]pyridine"
NA-20,Nicotine & salts,80604-52-0,"3-[(2R)-1-Methyl(4,4-~3~H_2_)pyrrolidin-2-yl]pyridine"
NA-20,Nicotine & salts,909014-86-4,"3-[1-(~13~C,~2~H_3_)Methylpyrrolidin-2-yl]pyridine"
NA-20,Nicotine & salts,350818-69-8,3-(1-Methylpyrrolidin-2-yl)(~2~H_4_)pyridine
NA-20,Nicotine & salts,284685-07-0,3-[(2S)-1-Methylpyrrolidin-2-yl](~2~H_4_)pyridine
NA-20,Nicotine & salts,5979-92-0,3-[(2S)-1-Ethylpyrrolidin-2-yl]pyridine
NA-20,Nicotine & salts,86900-39-2,3-(1-Ethylpyrrolidin-2-yl)pyridine
NA-20,Nicotine & salts,1190016-33-1,3-Methyl-5-[1-(~2~H_3_)methylpyrrolidin-2-yl]pyridine
NA-21,Nitrate & compounds,7784-27-2,"Aluminum nitrate, nonahydrate"
NA-21,Nitrate & compounds,6484-52-2,Ammonium nitrate
NA-21,Nitrate & compounds,13083-04-0,"Cerium (III) ammonium nitrate, tetrahydrate"
NA-21,Nitrate & compounds,10139-51-2,Cerium (IV) ammonium nitrate
NA-21,Nitrate & compounds,10022-31-8,Barium nitrate
NA-21,Nitrate & compounds,7787-55-5,"Beryllium nitrate, trihydrate"
NA-21,Nitrate & compounds,10325-94-7,Cadmium nitrate
NA-21,Nitrate & compounds,10022-68-1,"Cadmium nitrate, tetrahydrate"
NA-21,Nitrate & compounds,10124-37-5,Calcium nitrate
NA-21,Nitrate & compounds,13477-34-4,"Calcium nitrate, tetrahydrate"
NA-21,Nitrate & compounds,10294-41-4,"Cerium (III) nitrate, hexahydrate"
NA-21,Nitrate & compounds,7789-18-6,Cesium nitrate
NA-21,Nitrate & compounds,10026-22-9,"Cobalt (II) nitrate, hexahydrate"
NA-21,Nitrate & compounds,10031-43-3,"Copper (II) nitrate, trihydrate"
NA-21,Nitrate & compounds,13478-38-1,"Copper (II) nitrate, hexahydrate"
NA-21,Nitrate & compounds,10031-49-9,"Dysprosium (III) nitrate, pentahydrate"
NA-21,Nitrate & compounds,10031-51-3,"Erbium (III) nitrate, pentahydrate"
NA-21,Nitrate & compounds,19598-90-4,"Gadolinium (III) nitrate, hexahydrate"
NA-21,Nitrate & compounds,69365-72-6,"Gallium nitrate, hydrate"
NA-21,Nitrate & compounds,7782-61-8,"Iron (III) nitrate, nonahydrate"
NA-21,Nitrate & compounds,10277-43-7,"Lanthanum (III) nitrate, hexahydrate"
NA-21,Nitrate & compounds,10099-74-8,Lead (II) nitrate
NA-21,Nitrate & compounds,7790-69-4,Lithium nitrate
NA-21,Nitrate & compounds,13453-76-4,"Lithium nitrate, trihydrate"
NA-21,Nitrate & compounds,15750-45-5,"Magnesium nitrate, dihydrate"
NA-21,Nitrate & compounds,13446-18-9,"Magnesium nitrate, hexahydrate"
NA-21,Nitrate & compounds,20694-39-7,"Manganese (II) nitrate, tetrahydrate"
NA-21,Nitrate & compounds,16454-60-7,"Neodymium (III) nitrate, hexahydrate"
NA-21,Nitrate & compounds,13478-00-7,"Nickel (II) nitrate, hexahydrate"
NA-21,Nitrate & compounds,7757-79-1,Potassium nitrate
NA-21,Nitrate & compounds,13465-43-5,"Rhodium (III) nitrate, dihydrate"
NA-21,Nitrate & compounds,13126-12-0,Rubidium nitrate
NA-21,Nitrate & compounds,13465-60-6,Samarium (III) nitrate
NA-21,Nitrate & compounds,16999-44-3,"Samarium (III) nitrate, tetrahydrate"
NA-21,Nitrate & compounds,7761-88-8,Silver nitrate
NA-21,Nitrate & compounds,7631-99-4,Sodium nitrate
NA-21,Nitrate & compounds,10042-76-9,Strontium nitrate
NA-21,Nitrate & compounds,13451-19-9,"Terbium (III) nitrate, hexahydrate"
NA-21,Nitrate & compounds,13823-29-5,Thorium (IV) nitrate
NA-21,Nitrate & compounds,13470-07-0,"Thorium (IV) nitrate, tetrahydrate"
NA-21,Nitrate & compounds,13494-98-9,"Yttrium (III) nitrate, hexahydrate"
NA-21,Nitrate & compounds,13773-69-8,"Yttrium (III) nitrate, tetrahydrate"
NA-21,Nitrate & compounds,131446-84-9,"Zinc nitrate, trihydrate"
NA-21,Nitrate & compounds,10196-18-6,"Zinc nitrate, hexahydrate"
NA-21,Nitrate & compounds,13986-27-1,"Zirconium (IV) nitrate, pentahydrate"
NA-22,Diisocyanates,38661-72-2,"1,3-Bis(methylisocyanate)cyclohexane"
NA-22,Diisocyanates,10347-54-3,"1,4-Bis(methylisocyanate)cyclohexane"
NA-22,Diisocyanates,2556-36-7,"1,4-Cyclohexane diisocyanate"
NA-22,Diisocyanates,134190-37-7,Diethyldiisocyanatobenzene
NA-22,Diisocyanates,4128-73-8,"4,4'-Diisocyanatodiphenyl ether"
NA-22,Diisocyanates,75790-87-3,"2,4'-Diisocyanatodiphenyl sulfide"
NA-22,Diisocyanates,91-93-0,"3,3'-Dimethoxybenzidine-4,4'-diisocyanate"
NA-22,Diisocyanates,91-97-4,"3,3'-Dimethyl-4,4'-diphenylenediisocyanate"
NA-22,Diisocyanates,139-25-3,"3,3'-Dimethyldiphenylmethane-4,4'- diisocyanate"
NA-22,Diisocyanates,822-06-0,"Hexamethylene-1,6-diisocyanate"
NA-22,Diisocyanates,4098-71-9,Isophorone diisocyanate
NA-22,Diisocyanates,75790-84-0,"4-Methyldiphenylmethane-3,4- diisocyanate"
NA-22,Diisocyanates,5124-30-1,"1,1-Methylenebis(4-isocyanatocyclohexane)"
NA-22,Diisocyanates,101-68-8,Methylenebis(phenylisocyanate) (MDI)
NA-22,Diisocyanates,3173-72-6,"1,5-Naphthalene diisocyanate"
NA-22,Diisocyanates,123-61-5,"1,3-Phenylene diisocyanate"
NA-22,Diisocyanates,104-49-4,"1,4-Phenylene diisocyanate"
NA-22,Diisocyanates,9016-87-9,Polymeric diphenylmethane diisocyanate
NA-22,Diisocyanates,16938-22-0,"2,2,4-Trimethylhexamethylenediisocyanate"
NA-22,Diisocyanates,15646-96-5,"2,4,4-Trimethylhexamethylenediisocyanate"
NA-23,Dioxin & dioxin-like compounds,1746-01-6,"2,3,7,8-Tetrachlorodibenzo-p-dioxin"
NA-23,Dioxin & dioxin-like compounds,40321-76-4,"1,2,3,7,8- Pentachlorodibenzo-p-dioxin"
NA-23,Dioxin & dioxin-like compounds,39227-28-6,"1,2,3,4,7,8-Hexachlorodibenzo-p- dioxin"
NA-23,Dioxin & dioxin-like compounds,57653-85-7,"1,2,3,6,7,8-Hexachlorodibenzo-p- dioxin"
NA-23,Dioxin & dioxin-like compounds,19408-74-3,"1,2,3,7,8,9-Hexachlorodibenzo-p- dioxin"
NA-23,Dioxin & dioxin-like compounds,35822-46-9,"1,2,3,4,6,7,8-Heptachlorodibenzo-p- dioxin"
NA-23,Dioxin & dioxin-like compounds,3268-87-9,"1,2,3,4,6,7,8,9-Octachlorodibenzo-p- dioxin"
NA-23,Dioxin & dioxin-like compounds,51207-31-9,"2,3,7,8-Tetrachlorodibenzofuran"
NA-23,Dioxin & dioxin-like compounds,57117-41-6,"1,2,3,7,8-Pentachlorodibenzofuran"
NA-23,Dioxin & dioxin-like compounds,57117-31-4,"2,3,4,7,8-Pentachlorodibenzofuran"
NA-23,Dioxin & dioxin-like compounds,70648-26-9,"1,2,3,4,7,8-Hexachlorod-benzofuran"
NA-23,Dioxin & dioxin-like compounds,57117-44-9,"1,2,3,6,7,8-Hexachlorodibenzofuran"
NA-23,Dioxin & dioxin-like compounds,72918-21-9,"1,2,3,7,8,9-Hexachlorodibenzofuran"
NA-23,Dioxin & dioxin-like compounds,60851-34-5,"2,3,4,6,7,8-Hexachlorodibenzofuran"
NA-23,Dioxin & dioxin-like compounds,67562-39-4,"1,2,3,4,6,7,8-Heptachlorodibenzofuran"
NA-23,Dioxin & dioxin-like compounds,55673-89-7,"1,2,3,4,7,8,9-Heptachlorodibenzofuran"
NA-23,Dioxin & dioxin-like compounds,39001-02-0,"1,2,3,4,6,7,8,9-Octachlorodibenzofuran"
NA-24,Silver & compounds,509-09-1,"Propanoic acid, 2,2,3,3,3-pentafluoro-, silver(1+) salt (1:1)"
NA-24,Silver & compounds,506-61-6,Potassium silver cyanide
NA-24,Silver & compounds,102492-24-0,Silver(1+) 2-hydroxypropanoate--2-hydroxypropanoic acid--ammonia (1/1/1/1)
NA-24,Silver & compounds,23606-32-8,Silver(1+) nitrate--ammonia (1/1/2)
NA-24,Silver & compounds,14104-20-2,Silver tetrafluoroborate
NA-24,Silver & compounds,20667-12-3,Silver oxide (Ag2O)
NA-24,Silver & compounds,7761-88-8,Silver nitrate
NA-24,Silver & compounds,3794-64-7,Silver perfluorobutanoate
NA-24,Silver & compounds,146-84-9,"2,4,6-Trinitrophenol--silver (1/1)"
NA-24,Silver & compounds,13092-75-6,Silver acetylide (AgC2H)
NA-24,Silver & compounds,7784-08-9,Arsorous acid--silver (1/3)
NA-24,Silver & compounds,13863-88-2,Silver azide
NA-24,Silver & compounds,506-64-9,Silver cyanide
NA-24,Silver & compounds,2386-52-9,"Methanesulfonic acid, silver(1+) salt (1:1)"
NA-25,Nonylphenol,104-40-5,4-Nonylphenol
NA-25,Nonylphenol,11066-49-2,Isononylphenol
NA-25,Nonylphenol,25154-52-3,Nonylphenol
NA-25,Nonylphenol,26543-97-5,4-Isononylphenol
NA-25,Nonylphenol,84852-15-3,"4-Nonylphenol, branched"
NA-26,Nonylphenol & ethoxylates,104-40-5,Nonylphenol
NA-26,Nonylphenol & ethoxylates,25154-52-3,n-Nonylphenol (mixed isomers)
NA-26,Nonylphenol & ethoxylates,84852-15-3,"Nonylphenol, industrial"
NA-26,Nonylphenol & ethoxylates,1323-65-5,"Phenol, dinonyl"
NA-26,Nonylphenol & ethoxylates,26523-78-4,"Phenol, nonyl-,phosphitea"
NA-26,Nonylphenol & ethoxylates,28987-17-9,"Phenol, nonyl-, barium salt "
NA-26,Nonylphenol & ethoxylates,68081-86-7,"Phenol, nonyl derivatives "
NA-26,Nonylphenol & ethoxylates,68515-89-9,"Barium, carbonate nonylphenol complexes"
NA-26,Nonylphenol & ethoxylates,68515-93-5,"Phenol, nonyl derives., sulphides"
NA-26,Nonylphenol & ethoxylates,104-35-8,2-(p-Nonylphenoxy) ethanol
NA-26,Nonylphenol & ethoxylates,20427-84-3,2-(2-(p-Nonylphenoxy)ethoxy) ethanol
NA-26,Nonylphenol & ethoxylates,26027-38-3,p-Nonylphenol polyethylene glycol ether
NA-26,Nonylphenol & ethoxylates,27177-05-5,Nonylphenol hepta(oxyethylene)ethanol
NA-26,Nonylphenol & ethoxylates,27177-08-8,Nonylphenol nona(oxyethylene)ethanol
NA-26,Nonylphenol & ethoxylates,28679-13-2,Ethoxynonyl-benzene 
NA-26,Nonylphenol & ethoxylates,27986-36-3,onylphenoxy ethanol
NA-26,Nonylphenol & ethoxylates,37251-69-7,"Oxirane, methyl-, polymer with oxirane, mono(nonylphenyl) ether"
NA-26,Nonylphenol & ethoxylates,7311-27-5,2-(2-(2-(2-(p-Nonylphenoxy)ethoxy) ethoxy)ethoxy) ethanol
NA-26,Nonylphenol & ethoxylates,9016-45-9,Nonylphenol polyethylene glycol ether
NA-26,Nonylphenol & ethoxylates,27176-93-8,"Ethanol, 2-[2-(nonylphenoxy)ethoxy]-"
NA-26,Nonylphenol & ethoxylates,37340-60-6,Nonylphenol ethoxylate
NA-26,Nonylphenol & ethoxylates,51811-79-1,"Poly(oxy-1,2-ethanediyl), alpha-(nonylphenyl)-omega- hydroxy-, phosphate"
NA-26,Nonylphenol & ethoxylates,51938-25-1,"Poly(oxy-1,2-ethanediyl), alpha-(2-nonylphenyl)-omega-hydroxy-"
NA-26,Nonylphenol & ethoxylates,68412-53-3,Nonylphenol ethoxylate
NA-26,Nonylphenol & ethoxylates,9051-57-4,Ammonium salt of sulphated nonylphenol ethoxylate
NA-26,Nonylphenol & ethoxylates,37205-87-1,"Poly(oxy-1,2-ethanediyl), alpha(isononylphenyl) omega-hydroxy"
NA-26,Nonylphenol & ethoxylates,68412-54-4,"Poly(oxy-1,2-ethanediyl), alpha(nonylphenyl) omega-hydroxy, branched"
NA-26,Nonylphenol & ethoxylates,127087-87-0,"Poly(oxy-1,2-ethanediyl), alpha(4-nonylphenyl) omega- hydroxy, branched"
NA-27,Octylphenol & ethoxylates,140-66-9,4-tert-octylphenol
NA-27,Octylphenol & ethoxylates,1806-26-4,"Phenol, 4-octyl"
NA-27,Octylphenol & ethoxylates,27193-28-8,"Phenol, octyl"
NA-27,Octylphenol & ethoxylates,68987-90-6,"Poly(oxy-1,2-ethanediyl), alpha-(octylphenyl)-omega- hydroxy-, branched"
NA-27,Octylphenol & ethoxylates,9002-93-1,Polyethylene glycol octylphenol ether
NA-27,Octylphenol & ethoxylates,9036-19-5,Ethoxylated octylphenol
NA-28,Strychnine & salts,105730-37-8,19-Methyl-10-oxostrychnidin-19-ium
NA-28,Strychnine & salts,1421-86-9,Strychnidin-10-one--hydrogen chloride (1/1)
NA-28,Strychnine & salts,52748-69-3,Strychnidin-10-one--hydrogen iodide (1/1)
NA-28,Strychnine & salts,10103-26-1,Phosphonous acid--strychnidin-10-one (1/1)
NA-28,Strychnine & salts,66-32-0,Nitric acid--strychnidin-10-one (1/1)
NA-28,Strychnine & salts,31097-73-1,16-Hydroxy-19-methyl-10-oxostrychnidin-19-ium
NA-28,Strychnine & salts,10476-82-1,Arsenic acid - strychnidin-10-one (1:1)
NA-28,Strychnine & salts,60-41-3,Sulfuric acid--strychnidin-10-one (1/2)
NA-28,Strychnine & salts,96446-19-4,Bis(19-ethyl-10-oxostrychnidin-19-ium) sulfate
NA-28,Strychnine & salts,25998-70-3,(11Z)-11-Benzylidenestrychnidin-10-one
NA-28,Strychnine & salts,357-57-3,"2,3-Dimethoxystrychnidin-10-one"
NA-28,Strychnine & salts,5786-96-9,"2,3-Dimethoxystrychnidin-10-one hydrochloride (1:1)"
NA-28,Strychnine & salts,466-86-4,"9,10-Secostrychnidin-10-oic acid, (12alpha)-"
NA-28,Strychnine & salts,5786-97-0,"Nitric acid--2,3-dimethoxystrychnidin-10-one (1/1)"
NA-28,Strychnine & salts,15006-14-1,"21,22-Dihydrostrychnidin-10-one"
NA-28,Strychnine & salts,125-15-5,"(4aR,6aS,12aS,12bR,12cS)-10-Hydroxy-15-methyl-4a,5,12,12a,12b,12c-hexahydro-11H-6a,4-(ethanoiminomethano)-1-oxa-10b-azacyclohepta[1,2,3-cd]fluoranthene-6,11(2H)-dione"
NA-28,Strychnine & salts,1323-31-5,"2,3-Dihydroxypropyl dihydrogen phosphate--(8alpha)-strychnidin-10-one (1/1)"
NA-28,Strychnine & salts,17140-57-7,"2,3-Dihydroxypropyl dihydrogen phosphate--strychnidin-10-one (1/1)"
NA-28,Strychnine & salts,5329-54-4,"2,3-Dimethoxystrychnidin-10-one--heptonic acid (1/1)"
NA-28,Strychnine & salts,34403-85-5,"6a-(2-Bromoethyl)-8,9-dimethoxy-13-(phenylacetyl)-4a,5,6,6a,12,12a,12b,12c-octahydro-6,4-(epiminomethano)-1-oxa-10b-azacyclohepta[1,2,3-cd]fluoranthen-11(2H)-one"
NA-28,Strychnine & salts,4845-99-2,"Sulfuric acid--2,3-dimethoxystrychnidin-10-one (1/2)"
NA-28,Strychnine & salts,652154-10-4,"Sulfuric acid--2,3-dimethoxystrychnidin-10-one--water (1/2/1)"
NA-28,Strychnine & salts,467-16-3,"(14Z)-14-(2-Hydroxyethylidene)-2,3,10,12,13,13a-hexahydro-9H,11bH-1,12-ethanopyrido[1,2,3-lm]pyrrolo[2,3-d]carbazol-9-one"
NA-28,Strychnine & salts,62835-85-2,(19Z)-1-Acetylcur-19-en-17-al
NA-28,Strychnine & salts,7505-32-0,"N-Formylvaline--2,3-dimethoxystrychnidin-10-one (1/1)"
NA-28,Strychnine & salts,68727-53-7,"1-[(12Z)-12-Ethylidene-6-[(14Z)-14-ethylidene-2,3,11a,12,13,13a-hexahydro-9H,11H,11bH-1,12-ethano[1,3]oxazino[3,4,5-lm]pyrrolo[2,3-d]carbazol-9-yl]-1,2,4,5,6,6a-hexahydro-3,5-ethanopyrrolo[2,3-d]carbazol-7(3aH)-yl]ethan-1-one"
NA-29,Selenium & compounds,1306-24-7,Cadmium selenide (CdSe)
NA-29,Selenium & compounds,2897-21-4,"3,3'-Diselenobis[alanine]"
NA-29,Selenium & compounds,13410-01-0,Sodium selenate
NA-29,Selenium & compounds,7790-59-2,"Selenic acid, potassium salt (1:2)"
NA-29,Selenium & compounds,14293-86-8,"Selenic acid (H2Se2O7), dipotassium salt"
NA-29,Selenium & compounds,7783-08-6,Selenic acid
NA-29,Selenium & compounds,7783-00-8,Selenious acid
NA-29,Selenium & compounds,144-34-3,Selenium dimethyldithiocarbamate
NA-29,Selenium & compounds,7446-08-4,Selenium dioxide
NA-29,Selenium & compounds,7783-79-1,Hexafluoro-lambda~6~-selane
NA-29,Selenium & compounds,1313-85-5,Sodium selenide (Na2Se)
NA-29,Selenium & compounds,10102-18-8,Sodium selenite
NA-29,Selenium & compounds,12039-52-0,Thallium selenite
NA-30,Chlorophenols,95-57-8,2-chlorophenol
NA-30,Chlorophenols,108-43-0,3-chlorophenol
NA-30,Chlorophenols,106-48-9,4-chloroplienol
NA-30,Chlorophenols,576-24-9,"2,3-dichlorophenol"
NA-30,Chlorophenols,583-78-8,"2,5-dichlorophenol"
NA-30,Chlorophenols,87-65-0,"2,6,-dichlorophenol"
NA-30,Chlorophenols,95-77-2,"3,4,-dichlorophenol"
NA-30,Chlorophenols,591-35-5,"3,5,-dichlorophenol"
NA-30,Chlorophenols,15950-66-0,"2,3,4,-trichlorophenol"
NA-30,Chlorophenols,933-78-8,"2,3,5,-trichlorophenol"
NA-30,Chlorophenols,933-75-5,"2,3,6,-trichlorophcnol"
NA-30,Chlorophenols,609-19-8,"3,4,5-trichlorophenol"
NA-30,Chlorophenols,4901-51-3,"2,3,4,5-tetrachlorophenol"
NA-30,Chlorophenols,58-90-2,"2,3,4,6-tetrachlorophenol"
NA-30,Chlorophenols,935-95-5,"2,3,5,6-tetrachlorophenol"
NA-30,Chlorophenols,87-86-5,"2,3,4,5,6-Pentachlorophenol"
NA-33,Fluoride,16984-48-8,Fluoride
NA-33,Fluoride,7664-39-3,Hydrogen fluoride
NA-33,Fluoride,7681-49-4,Sodium fluoride
1332214,Asbestos,12001-29-5,Chrysotile
1332214,Asbestos,12172-73-5,Amosite
1332214,Asbestos,12001-28-4,Crocidolite
1332214,Asbestos,17068-78-9,Anthophyllite
1332214,Asbestos,14567-73-8,Tremolite
1332214,Asbestos,12172-67-7,Actinolite
25321226,"Benzene, dichloro-",106-46-7,"1,4-Dichlorobenzene"
25321226,"Benzene, dichloro-",541-73-1,"1,3-Dichlorobenzene"
25321226,"Benzene, dichloro-",95-50-1,"1,2-Dichlorobenzene"
25321146,"Benzene, methyldinitro-",121-14-2,"2,4-Dinitrotoluene"
25321146,"Benzene, methyldinitro-",606-20-2,"2,6-Dinitrotoluene"
25321146,"Benzene, methyldinitro-",619-15-8,"2,5-Dinitrotoluene"
25321146,"Benzene, methyldinitro-",610-39-9,"3,4-Dinitrotoluene"
1330207,"Benzene, dimethyl-",106-42-3,p-Xylene
1330207,"Benzene, dimethyl-",108-38-3,m-Xylene
1330207,"Benzene, dimethyl-",95-47-6,o-Xylene
1319773,"Phenol, methyl-",106-44-5,p-Cresol
1319773,"Phenol, methyl-",108-39-4,m-Cresol
1319773,"Phenol, methyl-",95-48-7,o-Cresol
26471625,"Benzene, 1,3-diisocyanatomethyl-",584-84-9,"Toluene-2,4-diisocyanate"
26471625,"Benzene, 1,3-diisocyanatomethyl-",91-08-7,"Toluene-2,6-diisocyanate"
25376458,"Benzenediamine, ar-methyl-",2687-25-4,"2,3-toluenediamine "
25376458,"Benzenediamine, ar-methyl-",95-80-7,"2,4-Diaminotoluene"
25376458,"Benzenediamine, ar-methyl-",95-70-5,"2,5-Diaminotoluene"
25376458,"Benzenediamine, ar-methyl-",823-40-5,"2,6-Diaminotoluene"
25376458,"Benzenediamine, ar-methyl-",496-72-0,"3,4-Toluenediamine"
25376458,"Benzenediamine, ar-methyl-",108-71-4,"3,5-Diaminotoluene"
34077877,"Ethane, dichlorotrifluoro-",306-83-2,"2,2-Dichloro-1,1,1-trifluoroethane"
34077877,"Ethane, dichlorotrifluoro-",354-23-4,"1,2-Dichloro-1,1,2- trifluoroethane"
34077877,"Ethane, dichlorotrifluoro-",812-04-4,"1,1-Dichloro-1,2,2- trifluoroethane"
63938103,"Ethane, chlorotetrafluoro-",354-25-6,"1-Chloro-1,1,2,2- tetrafluoroethane"
63938103,"Ethane, chlorotetrafluoro-",2837-89-0,"2-Chloro-1,1,1,2- tetrafluoroethane"
59536651,Polybrominated biphenyls (PBBs),1336-36-3,Polychlorinated biphenyl (PCB)
59536651,Polybrominated biphenyls (PBBs),2051-60-7,2-Chlorobiphenyl
59536651,Polybrominated biphenyls (PBBs),2051-61-8,3-Chlorobiphenyl
59536651,Polybrominated biphenyls (PBBs),2051-62-9,4-Chlorobiphenyl
59536651,Polybrominated biphenyls (PBBs),13029-08-8,"2,2'-Dichlorobiphenyl"
59536651,Polybrominated biphenyls (PBBs),16605-91-7,"2,3-Dichlorobiphenyl"
59536651,Polybrominated biphenyls (PBBs),25569-80-6,"2,3'-Dichlorobiphenyl"
59536651,Polybrominated biphenyls (PBBs),33284-50-3,"2,4-Dichlorobiphenyl"
59536651,Polybrominated biphenyls (PBBs),34883-43-7,"2,4'-Dichlorobiphenyl"
59536651,Polybrominated biphenyls (PBBs),34883-39-1,"2,5-Dichlorobiphenyl"
59536651,Polybrominated biphenyls (PBBs),33146-45-1,"2,6-Dichlorobiphenyl"
59536651,Polybrominated biphenyls (PBBs),2050-67-1,"3,3'-Dichlorobiphenyl"
59536651,Polybrominated biphenyls (PBBs),2974-92-7,"3,4-Dichlorobiphenyl"
59536651,Polybrominated biphenyls (PBBs),2974-90-5,"3,4'-Dichlorobiphenyl"
59536651,Polybrominated biphenyls (PBBs),34883-41-5,"3,5-Dichlorobiphenyl"
59536651,Polybrominated biphenyls (PBBs),2050-68-2,"4,4'-Dichlorobiphenyl"
59536651,Polybrominated biphenyls (PBBs),38444-78-9,"2,2',3-Trichlorobiphenyl"
59536651,Polybrominated biphenyls (PBBs),37680-66-3,"2,2',4-Trichlorobiphenyl"
59536651,Polybrominated biphenyls (PBBs),37680-65-2,"2,2',5-Trichlorobiphenyl"
59536651,Polybrominated biphenyls (PBBs),38444-73-4,"2,2',6-Trichlorobiphenyl"
59536651,Polybrominated biphenyls (PBBs),38444-84-7,"2,3,3'-Trichlorobiphenyl"
59536651,Polybrominated biphenyls (PBBs),55702-46-0,"2,3,4-Trichlorobiphenyl"
59536651,Polybrominated biphenyls (PBBs),38444-85-8,"2,3,4'-Trichlorobiphenyl"
59536651,Polybrominated biphenyls (PBBs),55720-44-0,"2,3,5-Trichlorobiphenyl"
59536651,Polybrominated biphenyls (PBBs),55702-45-9,"2,3,6-Trichlorobiphenyl"
59536651,Polybrominated biphenyls (PBBs),55712-37-3,"2,3',4-Trichlorobiphenyl"
59536651,Polybrominated biphenyls (PBBs),38444-81-4,"2,3',5-Trichlorobiphenyl"
59536651,Polybrominated biphenyls (PBBs),38444-76-7,"2,3',6-Trichlorobiphenyl"
59536651,Polybrominated biphenyls (PBBs),7012-37-5,"2,4,4'-Trichlorobiphenyl"
59536651,Polybrominated biphenyls (PBBs),15862-07-4,"2,4,5-Trichlorobiphenyl"
59536651,Polybrominated biphenyls (PBBs),35693-92-6,"2,4,6-Trichlorobiphenyl"
59536651,Polybrominated biphenyls (PBBs),16606-02-3,"2,4',5-Trichlorobiphenyl"
59536651,Polybrominated biphenyls (PBBs),38444-77-8,"2,4',6-Trichlorobiphenyl"
59536651,Polybrominated biphenyls (PBBs),38444-86-9,"2,3',4'-Trichlorobiphenyl"
59536651,Polybrominated biphenyls (PBBs),37680-68-5,"2,3',5'-Trichlorobiphenyl"
59536651,Polybrominated biphenyls (PBBs),37680-69-6,"3,3',4-Trichlorobiphenyl"
59536651,Polybrominated biphenyls (PBBs),38444-87-0,"3,3',5-Trichlorobiphenyl"
59536651,Polybrominated biphenyls (PBBs),38444-90-5,"3,4,4'-Trichlorobiphenyl"
59536651,Polybrominated biphenyls (PBBs),53555-66-1,"3,4,5-Trichlorobiphenyl"
59536651,Polybrominated biphenyls (PBBs),38444-88-1,"3,4',5-Trichlorobiphenyl"
59536651,Polybrominated biphenyls (PBBs),38444-93-8,"2,2',3,3'-Tetrachlorobiphenyl"
59536651,Polybrominated biphenyls (PBBs),52663-59-9,"2,2',3,4-Tetrachlorobiphenyl"
59536651,Polybrominated biphenyls (PBBs),36559-22-5,"2,2',3,4'-Tetrachlorobiphenyl"
59536651,Polybrominated biphenyls (PBBs),70362-46-8,"2,2',3,5-Tetrachlorobiphenyl"
59536651,Polybrominated biphenyls (PBBs),41464-39-5,"2,2',3,5'-Tetrachlorobiphenyl"
59536651,Polybrominated biphenyls (PBBs),70362-45-7,"2,2',3,6-Tetrachlorobiphenyl"
59536651,Polybrominated biphenyls (PBBs),41464-47-5,"2,2',3,6'-Tetrachlorobiphenyl"
59536651,Polybrominated biphenyls (PBBs),2437-79-8,"2,2',4,4'-Tetrachlorobiphenyl"
59536651,Polybrominated biphenyls (PBBs),70362-47-9,"2,2',4,5-Tetrachlorobiphenyl"
59536651,Polybrominated biphenyls (PBBs),41464-40-8,"2,2',4,5'-Tetrachlorobiphenyl"
59536651,Polybrominated biphenyls (PBBs),62796-65-0,"2,2',4,6-Tetrachlorobiphenyl"
59536651,Polybrominated biphenyls (PBBs),68194-04-7,"2,2',4,6'-Tetrachlorobiphenyl"
59536651,Polybrominated biphenyls (PBBs),35693-99-3,"2,2',5,5'-Tetrachlorobiphenyl"
59536651,Polybrominated biphenyls (PBBs),41464-41-9,"2,2',5,6'-Tetrachlorobiphenyl"
59536651,Polybrominated biphenyls (PBBs),15968-05-5,"2,2',6,6'-Tetrachlorobiphenyl"
59536651,Polybrominated biphenyls (PBBs),74338-24-2,"2,3,3',4-Tetrachlorobiphenyl"
59536651,Polybrominated biphenyls (PBBs),41464-43-1,"2,3,3',4'-Tetrachlorobiphenyl"
59536651,Polybrominated biphenyls (PBBs),70424-67-8,"2,3,3',5-Tetrachlorobiphenyl"
59536651,Polybrominated biphenyls (PBBs),41464-49-7,"2,3,3',5'-Tetrachlorobiphenyl"
59536651,Polybrominated biphenyls (PBBs),74472-33-6,"2,3,3',6-Tetrachlorobiphenyl"
59536651,Polybrominated biphenyls (PBBs),33025-41-1,"2,3,4,4'-Tetrachlorobiphenyl"
59536651,Polybrominated biphenyls (PBBs),33284-53-6,"2,3,4,5-Tetrachlorobiphenyl"
59536651,Polybrominated biphenyls (PBBs),54230-22-7,"2,3,4,6-Tetrachlorobiphenyl"
59536651,Polybrominated biphenyls (PBBs),74472-34-7,"2,3,4',5-Tetrachlorobiphenyl"
59536651,Polybrominated biphenyls (PBBs),52663-58-8,"2,3,4',6-Tetrachlorobiphenyl"
59536651,Polybrominated biphenyls (PBBs),33284-54-7,"2,3,5,6-Tetrachlorobiphenyl"
59536651,Polybrominated biphenyls (PBBs),32598-10-0,"2,3',4,4'-Tetrachlorobiphenyl"
59536651,Polybrominated biphenyls (PBBs),73575-53-8,"2,3',4,5-Tetrachlorobiphenyl"
59536651,Polybrominated biphenyls (PBBs),73575-52-7,"2,3',4,5'-Tetrachlorobiphenyl"
59536651,Polybrominated biphenyls (PBBs),60233-24-1,"2,3',4,6-Tetrachlorobiphenyl"
59536651,Polybrominated biphenyls (PBBs),32598-11-1,"2,3',4',5-Tetrachlorobiphenyl"
59536651,Polybrominated biphenyls (PBBs),41464-46-4,"2,3',4',6-Tetrachlorobiphenyl"
59536651,Polybrominated biphenyls (PBBs),41464-42-0,"2,3',5,5'-Tetrachlorobiphenyl"
59536651,Polybrominated biphenyls (PBBs),74338-23-1,"2,3',5',6-Tetrachlorobiphenyl"
59536651,Polybrominated biphenyls (PBBs),32690-93-0,"2,4,4',5-Tetrachlorobiphenyl"
59536651,Polybrominated biphenyls (PBBs),32598-12-2,"2,4,4',6-Tetrachlorobiphenyl"
59536651,Polybrominated biphenyls (PBBs),70362-48-0,"2,3',4',5'-Tetrachlorobiphenyl"
59536651,Polybrominated biphenyls (PBBs),32598-13-3,"3,3',4,4'-Tetrachlorobiphenyl"
59536651,Polybrominated biphenyls (PBBs),70362-49-1,"3,3',4,5-Tetrachlorobiphenyl"
59536651,Polybrominated biphenyls (PBBs),41464-48-6,"3,3',4,5'-Tetrachlorobiphenyl"
59536651,Polybrominated biphenyls (PBBs),33284-52-5,"3,3',5,5'-Tetrachlorobiphenyl"
59536651,Polybrominated biphenyls (PBBs),70362-50-4,"3,4,4',5-Tetrachlorobiphenyl"
59536651,Polybrominated biphenyls (PBBs),52663-62-4,"2,2',3,3',4-Pentachlorobiphenyl"
59536651,Polybrominated biphenyls (PBBs),60145-20-2,"2,2',3,3',5-Pentachlorobiphenyl"
59536651,Polybrominated biphenyls (PBBs),52663-60-2,"2,2',3,3',6-Pentachlorobiphenyl"
59536651,Polybrominated biphenyls (PBBs),65510-45-4,"2,2',3,4,4'-Pentachlorobiphenyl"
59536651,Polybrominated biphenyls (PBBs),55312-69-1,"2,2',3,4,5-Pentachlorobiphenyl"
59536651,Polybrominated biphenyls (PBBs),38380-02-8,"2,2',3,4,5'-Pentachlorobiphenyl"
59536651,Polybrominated biphenyls (PBBs),55215-17-3,"2,2',3,4,6-Pentachlorobiphenyl"
59536651,Polybrominated biphenyls (PBBs),73575-57-2,"2,2',3,4,6'-Pentachlorobiphenyl"
59536651,Polybrominated biphenyls (PBBs),68194-07-0,"2,2',3,4',5-Pentachlorobiphenyl"
59536651,Polybrominated biphenyls (PBBs),68194-05-8,"2,2',3,4',6-Pentachlorobiphenyl"
59536651,Polybrominated biphenyls (PBBs),52663-61-3,"2,2',3,5,5'-Pentachlorobiphenyl"
59536651,Polybrominated biphenyls (PBBs),73575-56-1,"2,2',3,5,6-Pentachlorobiphenyl"
59536651,Polybrominated biphenyls (PBBs),73575-55-0,"2,2',3,5,6'-Pentachlorobiphenyl"
59536651,Polybrominated biphenyls (PBBs),38379-99-6,"2,2',3,5',6-Pentachlorobiphenyl"
59536651,Polybrominated biphenyls (PBBs),73575-54-9,"2,2',3,6,6'-Pentachlorobiphenyl"
59536651,Polybrominated biphenyls (PBBs),41464-51-1,"2,2',3,4',5'-Pentachlorobiphenyl"
59536651,Polybrominated biphenyls (PBBs),60233-25-2,"2,2',3,4',6'-Pentachlorobiphenyl"
59536651,Polybrominated biphenyls (PBBs),38380-01-7,"2,2',4,4',5-Pentachlorobiphenyl"
59536651,Polybrominated biphenyls (PBBs),39485-83-1,"2,2',4,4',6-Pentachlorobiphenyl"
59536651,Polybrominated biphenyls (PBBs),37680-73-2,"2,2',4,5,5'-Pentachlorobiphenyl"
59536651,Polybrominated biphenyls (PBBs),68194-06-9,"2,2',4,5,6'-Pentachlorobiphenyl"
59536651,Polybrominated biphenyls (PBBs),60145-21-3,"2,2',4,5',6-Pentachlorobiphenyl"
59536651,Polybrominated biphenyls (PBBs),56558-16-8,"2,2',4,6,6'-Pentachlorobiphenyl"
59536651,Polybrominated biphenyls (PBBs),32598-14-4,"2,3,3',4,4'-Pentachlorobiphenyl"
59536651,Polybrominated biphenyls (PBBs),70424-69-0,"2,3,3',4,5-Pentachlorobiphenyl"
59536651,Polybrominated biphenyls (PBBs),70424-68-9,"2,3,3',4',5-Pentachlorobiphenyl"
59536651,Polybrominated biphenyls (PBBs),70362-41-3,"2,3,3',4,5'-Pentachlorobiphenyl"
59536651,Polybrominated biphenyls (PBBs),74472-35-8,"2,3,3',4,6-Pentachlorobiphenyl"
59536651,Polybrominated biphenyls (PBBs),38380-03-9,"2,3,3',4',6-Pentachlorobiphenyl"
59536651,Polybrominated biphenyls (PBBs),39635-32-0,"2,3,3',5,5'-Pentachlorobiphenyl"
59536651,Polybrominated biphenyls (PBBs),74472-36-9,"2,3,3',5,6-Pentachlorobiphenyl"
59536651,Polybrominated biphenyls (PBBs),68194-10-5,"2,3,3',5',6-Pentachlorobiphenyl"
59536651,Polybrominated biphenyls (PBBs),74472-37-0,"2,3,4,4',5-Pentachlorobiphenyl"
59536651,Polybrominated biphenyls (PBBs),74472-38-1,"2,3,4,4',6-Pentachlorobiphenyl"
59536651,Polybrominated biphenyls (PBBs),18259-05-7,"2,3,4,5,6-Pentachlorobiphenyl"
59536651,Polybrominated biphenyls (PBBs),68194-11-6,"2,3,4',5,6-Pentachlorobiphenyl"
59536651,Polybrominated biphenyls (PBBs),31508-00-6,"2,3',4,4',5-Pentachlorobiphenyl"
59536651,Polybrominated biphenyls (PBBs),56558-17-9,"2,3',4,4',6-Pentachlorobiphenyl"
59536651,Polybrominated biphenyls (PBBs),68194-12-7,"2,3',4,5,5'-Pentachlorobiphenyl"
59536651,Polybrominated biphenyls (PBBs),56558-18-0,"2,3',4,5',6-Pentachlorobiphenyl"
59536651,Polybrominated biphenyls (PBBs),76842-07-4,"2,3,3',4',5'-Pentachlorobiphenyl"
59536651,Polybrominated biphenyls (PBBs),65510-44-3,"2,3',4,4',5'-Pentachlorobiphenyl"
59536651,Polybrominated biphenyls (PBBs),70424-70-3,"2,3',4',5,5'-Pentachlorobiphenyl"
59536651,Polybrominated biphenyls (PBBs),74472-39-2,"2,3',4',5',6-Pentachlorobiphenyl"
59536651,Polybrominated biphenyls (PBBs),57465-28-8,"3,3',4,4',5-Pentachlorobiphenyl"
59536651,Polybrominated biphenyls (PBBs),39635-33-1,"3,3',4,5,5'-Pentachlorobiphenyl"
59536651,Polybrominated biphenyls (PBBs),38380-07-3,"2,2',3,3',4,4'-Hexachlorobiphenyl"
59536651,Polybrominated biphenyls (PBBs),55215-18-4,"2,2',3,3',4,5-Hexachlorobiphenyl"
59536651,Polybrominated biphenyls (PBBs),52663-66-8,"2,2',3,3',4,5'-Hexachlorobiphenyl"
59536651,Polybrominated biphenyls (PBBs),61798-70-7,"2,2',3,3',4,6-Hexachlorobiphenyl"
59536651,Polybrominated biphenyls (PBBs),38380-05-1,"2,2',3,3',4,6'-Hexachlorobiphenyl"
59536651,Polybrominated biphenyls (PBBs),35694-04-3,"2,2',3,3',5,5'-Hexachlorobiphenyl"
59536651,Polybrominated biphenyls (PBBs),52704-70-8,"2,2',3,3',5,6-Hexachlorobiphenyl"
59536651,Polybrominated biphenyls (PBBs),52744-13-5,"2,2',3,3',5,6'-Hexachlorobiphenyl"
59536651,Polybrominated biphenyls (PBBs),38411-22-2,"2,2',3,3',6,6'-Hexachlorobiphenyl"
59536651,Polybrominated biphenyls (PBBs),35694-06-5,"2,2',3,4,4',5-Hexachlorobiphenyl"
59536651,Polybrominated biphenyls (PBBs),35065-28-2,"2,2',3,4,4',5'-Hexachlorobiphenyl"
59536651,Polybrominated biphenyls (PBBs),56030-56-9,"2,2',3,4,4',6-Hexachlorobiphenyl"
59536651,Polybrominated biphenyls (PBBs),59291-64-4,"2,2',3,4,4',6'-Hexachlorobiphenyl"
59536651,Polybrominated biphenyls (PBBs),52712-04-6,"2,2',3,4,5,5'-Hexachlorobiphenyl"
59536651,Polybrominated biphenyls (PBBs),41411-61-4,"2,2',3,4,5,6-Hexachlorobiphenyl"
59536651,Polybrominated biphenyls (PBBs),68194-15-0,"2,2',3,4,5,6'-Hexachlorobiphenyl"
59536651,Polybrominated biphenyls (PBBs),68194-14-9,"2,2',3,4,5',6-Hexachlorobiphenyl"
59536651,Polybrominated biphenyls (PBBs),74472-40-5,"2,2',3,4,6,6'-Hexachlorobiphenyl"
59536651,Polybrominated biphenyls (PBBs),51908-16-8,"2,2',3,4',5,5'-Hexachlorobiphenyl"
59536651,Polybrominated biphenyls (PBBs),68194-13-8,"2,2',3,4',5,6-Hexachlorobiphenyl"
59536651,Polybrominated biphenyls (PBBs),74472-41-6,"2,2',3,4',5,6'-Hexachlorobiphenyl"
59536651,Polybrominated biphenyls (PBBs),38380-04-0,"2,2',3,4',5',6-Hexachlorobiphenyl"
59536651,Polybrominated biphenyls (PBBs),68194-08-1,"2,2',3,4',6,6'-Hexachlorobiphenyl"
59536651,Polybrominated biphenyls (PBBs),52663-63-5,"2,2',3,5,5',6-Hexachlorobiphenyl"
59536651,Polybrominated biphenyls (PBBs),68194-09-2,"2,2',3,5,6,6'-Hexachlorobiphenyl"
59536651,Polybrominated biphenyls (PBBs),35065-27-1,"2,2',4,4',5,5'-Hexachlorobiphenyl"
59536651,Polybrominated biphenyls (PBBs),60145-22-4,"2,2',4,4',5,6'-Hexachlorobiphenyl"
59536651,Polybrominated biphenyls (PBBs),33979-03-2,"2,2',4,4',6,6'-Hexachlorobiphenyl"
59536651,Polybrominated biphenyls (PBBs),38380-08-4,"2,3,3',4,4',5-Hexachlorobiphenyl"
59536651,Polybrominated biphenyls (PBBs),69782-90-7,"2,3,3',4,4',5'-Hexachlorobiphenyl"
59536651,Polybrominated biphenyls (PBBs),74472-42-7,"2,3,3',4,4',6-Hexachlorobiphenyl"
59536651,Polybrominated biphenyls (PBBs),39635-35-3,"2,3,3',4,5,5'-Hexachlorobiphenyl"
59536651,Polybrominated biphenyls (PBBs),41411-62-5,"2,3,3',4,5,6-Hexachlorobiphenyl"
59536651,Polybrominated biphenyls (PBBs),74472-43-8,"2,3,3',4,5',6-Hexachlorobiphenyl"
59536651,Polybrominated biphenyls (PBBs),39635-34-2,"2,3,3',4',5,5'-Hexachlorobiphenyl"
59536651,Polybrominated biphenyls (PBBs),74472-44-9,"2,3,3',4',5,6-Hexachlorobiphenyl"
59536651,Polybrominated biphenyls (PBBs),74472-45-0,"2,3,3',4',5',6-Hexachlorobiphenyl"
59536651,Polybrominated biphenyls (PBBs),74472-46-1,"2,3,3',5,5',6-Hexachlorobiphenyl"
59536651,Polybrominated biphenyls (PBBs),41411-63-6,"2,3,4,4',5,6-Hexachlorobiphenyl"
59536651,Polybrominated biphenyls (PBBs),52663-72-6,"2,3',4,4',5,5'-Hexachlorobiphenyl"
59536651,Polybrominated biphenyls (PBBs),59291-65-5,"2,3',4,4',5',6-Hexachlorobiphenyl"
59536651,Polybrominated biphenyls (PBBs),32774-16-6,"3,3',4,4',5,5'-Hexachlorobiphenyl"
59536651,Polybrominated biphenyls (PBBs),35065-30-6,"2,2',3,3',4,4',5-Heptachlorobiphenyl"
59536651,Polybrominated biphenyls (PBBs),52663-71-5,"2,2',3,3',4,4',6-Heptachlorobiphenyl"
59536651,Polybrominated biphenyls (PBBs),52663-74-8,"2,2',3,3',4,5,5'-Heptachlorobiphenyl"
59536651,Polybrominated biphenyls (PBBs),68194-16-1,"2,2',3,3',4,5,6-Heptachlorobiphenyl"
59536651,Polybrominated biphenyls (PBBs),74472-43-8,"2,3,3',4,5',6-Hexachlorobiphenyl"
59536651,Polybrominated biphenyls (PBBs),39635-34-2,"2,3,3',4',5,5'-Hexachlorobiphenyl"
59536651,Polybrominated biphenyls (PBBs),74472-44-9,"2,3,3',4',5,6-Hexachlorobiphenyl"
59536651,Polybrominated biphenyls (PBBs),74472-45-0,"2,3,3',4',5',6-Hexachlorobiphenyl"
59536651,Polybrominated biphenyls (PBBs),74472-46-1,"2,3,3',5,5',6-Hexachlorobiphenyl"
59536651,Polybrominated biphenyls (PBBs),41411-63-6,"2,3,4,4',5,6-Hexachlorobiphenyl"
59536651,Polybrominated biphenyls (PBBs),52663-72-6,"2,3',4,4',5,5'-Hexachlorobiphenyl"
59536651,Polybrominated biphenyls (PBBs),59291-65-5,"2,3',4,4',5',6-Hexachlorobiphenyl"
59536651,Polybrominated biphenyls (PBBs),32774-16-6,"3,3',4,4',5,5'-Hexachlorobiphenyl"
59536651,Polybrominated biphenyls (PBBs),35065-30-6,"2,2',3,3',4,4',5-Heptachlorobiphenyl"
59536651,Polybrominated biphenyls (PBBs),52663-71-5,"2,2',3,3',4,4',6-Heptachlorobiphenyl"
59536651,Polybrominated biphenyls (PBBs),52663-74-8,"2,2',3,3',4,5,5'-Heptachlorobiphenyl"
59536651,Polybrominated biphenyls (PBBs),68194-16-1,"2,2',3,3',4,5,6-Heptachlorobiphenyl"
59536651,Polybrominated biphenyls (PBBs),38411-25-5,"2,2',3,3',4,5,6'-Heptachlorobiphenyl"
59536651,Polybrominated biphenyls (PBBs),40186-70-7,"2,2',3,3',4,5',6-Heptachlorobiphenyl"
59536651,Polybrominated biphenyls (PBBs),52663-65-7,"2,2',3,3',4,6,6'-Heptachlorobiphenyl"
59536651,Polybrominated biphenyls (PBBs),52663-70-4,"2,2',3,3',4,5',6'-Heptachlorobiphenyl"
59536651,Polybrominated biphenyls (PBBs),52663-67-9,"2,2',3,3',5,5',6-Heptachlorobiphenyl"
59536651,Polybrominated biphenyls (PBBs),52663-64-6,"2,2',3,3',5,6,6'-Heptachlorobiphenyl"
59536651,Polybrominated biphenyls (PBBs),35065-29-3,"2,2',3,4,4',5,5'-Heptachlorobiphenyl"
59536651,Polybrominated biphenyls (PBBs),74472-47-2,"2,2',3,4,4',5,6-Heptachlorobiphenyl"
59536651,Polybrominated biphenyls (PBBs),60145-23-5,"2,2',3,4,4',5,6'-Heptachlorobiphenyl"
59536651,Polybrominated biphenyls (PBBs),52663-69-1,"2,2',3,4,4',5',6-Heptachlorobiphenyl"
59536651,Polybrominated biphenyls (PBBs),74472-48-3,"2,2',3,4,4',6,6'-Heptachlorobiphenyl"
59536651,Polybrominated biphenyls (PBBs),52712-05-7,"2,2',3,4,5,5',6-Heptachlorobiphenyl"
59536651,Polybrominated biphenyls (PBBs),74472-49-4,"2,2',3,4,5,6,6'-Heptachlorobiphenyl"
59536651,Polybrominated biphenyls (PBBs),52663-68-0,"2,2',3,4',5,5',6-Heptachlorobiphenyl"
59536651,Polybrominated biphenyls (PBBs),74487-85-7,"2,2',3,4',5,6,6'-Heptachlorobiphenyl"
59536651,Polybrominated biphenyls (PBBs),39635-31-9,"2,3,3',4,4',5,5'-Heptachlorobiphenyl"
59536651,Polybrominated biphenyls (PBBs),41411-64-7,"2,3,3',4,4',5,6-Heptachlorobiphenyl"
59536651,Polybrominated biphenyls (PBBs),74472-50-7,"2,3,3',4,4',5',6-Heptachlorobiphenyl"
59536651,Polybrominated biphenyls (PBBs),74472-51-8,"2,3,3',4,5,5',6-Heptachlorobiphenyl"
59536651,Polybrominated biphenyls (PBBs),69782-91-8,"2,3,3',4',5,5',6-Heptachlorobiphenyl"
59536651,Polybrominated biphenyls (PBBs),35694-08-7,"2,2',3,3',4,4',5,5'-Octachlorobiphenyl"
59536651,Polybrominated biphenyls (PBBs),52663-78-2,"2,2',3,3',4,4',5,6-Octachlorobiphenyl"
59536651,Polybrominated biphenyls (PBBs),42740-50-1,"2,2',3,3',4,4',5,6'-Octachlorobiphenyl"
59536651,Polybrominated biphenyls (PBBs),33091-17-7,"2,2',3,3',4,4',6,6'-Octachlorobiphenyl"
59536651,Polybrominated biphenyls (PBBs),68194-17-2,"2,2',3,3',4,5,5',6-Octachlorobiphenyl"
59536651,Polybrominated biphenyls (PBBs),52663-75-9,"2,2',3,3',4,5,5',6'-Octachlorobiphenyl"
59536651,Polybrominated biphenyls (PBBs),52663-73-7,"2,2',3,3',4,5,6,6'-Octachlorobiphenyl"
59536651,Polybrominated biphenyls (PBBs),40186-71-8,"2,2',3,3',4,5',6,6'-Octachlorobiphenyl"
59536651,Polybrominated biphenyls (PBBs),2136-99-4,"2,2',3,3',5,5',6,6'-Octachlorobiphenyl"
59536651,Polybrominated biphenyls (PBBs),52663-76-0,"2,2',3,4,4',5,5',6-Octachlorobiphenyl"
59536651,Polybrominated biphenyls (PBBs),74472-52-9,"2,2',3,4,4',5,6,6'-Octachlorobiphenyl"
59536651,Polybrominated biphenyls (PBBs),74472-53-0,"2,3,3',4,4',5,5',6-Octachlorobiphenyl"
59536651,Polybrominated biphenyls (PBBs),40186-72-9,"2,2',3,3',4,4',5,5',6-Nonachlorobiphenyl"
59536651,Polybrominated biphenyls (PBBs),52663-79-3,"2,2',3,3',4,4',5,6,6'-Nonachlorobiphenyl"
59536651,Polybrominated biphenyls (PBBs),52663-77-1,"2,2',3,3',4,5,5',6,6'-Nonachlorobiphenyl"
59536651,Polybrominated biphenyls (PBBs),2051-24-3,Decachlorobiphenyl
1336363,Polychlorinated biphenyls (PCBs),34883-43-7,"2,4'-Dichlorobiphenyl"
1336363,Polychlorinated biphenyls (PCBs),2437-79-8,"2,2',4,4'-Tetrachlorobiphenyl"
1336363,Polychlorinated biphenyls (PCBs),32598-13-3,"3,3',4,4'-Tetrachlorobiphenyl"
1336363,Polychlorinated biphenyls (PCBs),2050-68-2,"4,4'-Dichlorobiphenyl"
1336363,Polychlorinated biphenyls (PCBs),35694-04-3,"2,2',3,3',5,5'-Hexachlorobiphenyl"
1336363,Polychlorinated biphenyls (PCBs),31508-00-6,"2,3',4,4',5-Pentachlorobiphenyl"
1336363,Polychlorinated biphenyls (PCBs),57465-28-8,"3,3',4,4',5-Pentachlorobiphenyl"
1336363,Polychlorinated biphenyls (PCBs),35065-27-1,"2,2',4,4',5,5'-Hexachlorobiphenyl"
1336363,Polychlorinated biphenyls (PCBs),35065-29-3,"2,2',3,4,4',5,5'-Heptachlorobiphenyl"
1336363,Polychlorinated biphenyls (PCBs),35065-28-2,"2,2',3,4,4',5'-Hexachlorobiphenyl"
1336363,Polychlorinated biphenyls (PCBs),38379-99-6,"2,2',3,5',6-Pentachlorobiphenyl"
1336363,Polychlorinated biphenyls (PCBs),41464-39-5,"2,2',3,5'-tetrachlorobiphenyl"
1336363,Polychlorinated biphenyls (PCBs),37680-73-2,"2,2',4,5,5'-Pentachlorobiphenyl"
1336363,Polychlorinated biphenyls (PCBs),35693-99-3,"2,2',5,5'-Tetrachlorobiphenyl"
1336363,Polychlorinated biphenyls (PCBs),32598-14-4,"2,3,3',4,4'-Pentachlorobiphenyl"
1336363,Polychlorinated biphenyls (PCBs),38380-03-9,"2,3,3',4',6-Pentachlorobiphenyl"
1336363,Polychlorinated biphenyls (PCBs),7012-37-5,"2,4,4'-Trichlorobiphenyl"
1336363,Polychlorinated biphenyls (PCBs),33146-45-1,"2,6-Dichlorobiphenyl"
1336363,Polychlorinated biphenyls (PCBs),32774-16-6,"3,3',4,4',5,5'-Hexachlorobiphenyl"
1336363,Polychlorinated biphenyls (PCBs),2051-60-7,2-Chlorobiphenyl
1336363,Polychlorinated biphenyls (PCBs),2051-61-8,3-Chlorobiphenyl
1336363,Polychlorinated biphenyls (PCBs),2051-62-9,4-Chlorobiphenyl
1336363,Polychlorinated biphenyls (PCBs),33284-50-3,"2,4-Dichlorobiphenyl"
1336363,Polychlorinated biphenyls (PCBs),33979-03-2,"2,2',4,4',6,6'-Hexachlorobiphenyl"
1336363,Polychlorinated biphenyls (PCBs),38444-86-9,"2',3,4-Trichlorobiphenyl"
1336363,Polychlorinated biphenyls (PCBs),2051-24-3,Decachlorobiphenyl
1336363,Polychlorinated biphenyls (PCBs),38380-08-4,"2,3,3',4,4',5-Hexachlorobiphenyl"
1336363,Polychlorinated biphenyls (PCBs),52663-68-0,"2,2',3,4',5,5',6-Heptachloro-1,1'-biphenyl"
1336363,Polychlorinated biphenyls (PCBs),33284-52-5,"3,3',5,5'-Tetrachlorobiphenyl"
1336363,Polychlorinated biphenyls (PCBs),2974-92-7,"3,4-Dichlorobiphenyl"
1336363,Polychlorinated biphenyls (PCBs),16605-91-7,"2,3-Dichlorobiphenyl"
1336363,Polychlorinated biphenyls (PCBs),32598-10-0,"2,3',4,4'-Tetrachlorobiphenyl"
1336363,Polychlorinated biphenyls (PCBs),32690-93-0,"2,4,4',5-Tetrachlorobiphenyl"
1336363,Polychlorinated biphenyls (PCBs),33025-41-1,"2,3,4,4'-Tetrachlorobiphenyl"
1336363,Polychlorinated biphenyls (PCBs),34883-39-1,"2,5-Dichlorobiphenyl"
1336363,Polychlorinated biphenyls (PCBs),35065-30-6,"2,2',3,3',4,4',5-Heptachlorobiphenyl"
1336363,Polychlorinated biphenyls (PCBs),35693-92-6,"2,4,6-Trichlorobiphenyl"
1336363,Polychlorinated biphenyls (PCBs),37680-65-2,"2,2',5-Trichlorobiphenyl"
1336363,Polychlorinated biphenyls (PCBs),37680-66-3,"2,2',4-Trichlorobiphenyl"
1336363,Polychlorinated biphenyls (PCBs),38380-01-7,"2,2',4,4',5-Pentachlorobiphenyl"
1336363,Polychlorinated biphenyls (PCBs),38380-02-8,"2,2',3,4,5'-Pentachlorobiphenyl"
1336363,Polychlorinated biphenyls (PCBs),38380-04-0,"2,2',3,4',5',6-Hexachlorobiphenyl"
1336363,Polychlorinated biphenyls (PCBs),38411-22-2,"2,2',3,3',6,6'-Hexachlorobiphenyl"
1336363,Polychlorinated biphenyls (PCBs),38444-77-8,"2,4',6-Trichlorobiphenyl"
1336363,Polychlorinated biphenyls (PCBs),38444-78-9,"2,2',3-Trichlorobiphenyl"
1336363,Polychlorinated biphenyls (PCBs),38444-84-7,"2,3,3'-Trichlorobiphenyl"
1336363,Polychlorinated biphenyls (PCBs),38444-93-8,"2,2',3,3'-Tetrachlorobiphenyl"
1336363,Polychlorinated biphenyls (PCBs),39485-83-1,"2,2',4,4',6-Pentachlorobiphenyl"
1336363,Polychlorinated biphenyls (PCBs),41464-40-8,"2,2',4,5'-Tetrachlorobiphenyl"
1336363,Polychlorinated biphenyls (PCBs),41464-41-9,"2,2',5,6'-Tetrachlorobiphenyl"
1336363,Polychlorinated biphenyls (PCBs),41464-51-1,"2,2',3,4',5'-Pentachlorobiphenyl"
1336363,Polychlorinated biphenyls (PCBs),52663-59-9,"2,2',3,4-Tetrachlorobiphenyl"
1336363,Polychlorinated biphenyls (PCBs),52663-60-2,"2,2',3,3',6-Pentachlorobiphenyl"
1336363,Polychlorinated biphenyls (PCBs),52663-61-3,"2,2',3,5,5'-Pentachlorobiphenyl"
1336363,Polychlorinated biphenyls (PCBs),52663-64-6,"2,2',3,3',5,6,6'-Heptachlorobiphenyl"
1336363,Polychlorinated biphenyls (PCBs),52663-66-8,"2,2',3,3',4,5'-Hexachlorobiphenyl"
1336363,Polychlorinated biphenyls (PCBs),52663-71-5,"2,2',3,3',4,4',6-Heptachlorobiphenyl"
1336363,Polychlorinated biphenyls (PCBs),52744-13-5,"2,2',3,3',5,6'-Hexachlorobiphenyl"
1336363,Polychlorinated biphenyls (PCBs),55215-18-4,"2,2',3,3',4,5-Hexachlorobiphenyl"
1336363,Polychlorinated biphenyls (PCBs),55702-45-9,"2,3,6-Trichlorobiphenyl"
1336363,Polychlorinated biphenyls (PCBs),65510-45-4,"2,2',3,4,4'-Pentachlorobiphenyl"
1336363,Polychlorinated biphenyls (PCBs),74472-46-1,"2,3,3',5,5',6-Hexachlorobiphenyl"
1336363,Polychlorinated biphenyls (PCBs),25569-80-6,"2,3'-Dichlorobiphenyl"
1336363,Polychlorinated biphenyls (PCBs),2136-99-4,"2,2',3,3',5,5',6,6'-Octachlorobiphenyl"
1336363,Polychlorinated biphenyls (PCBs),33091-17-7,"2,2',3,3',4,4',6,6'-Octachlorobiphenyl"
1336363,Polychlorinated biphenyls (PCBs),33284-53-6,"2,3,4,5-Tetrachlorobiphenyl"
1336363,Polychlorinated biphenyls (PCBs),33284-54-7,"2,3,5,6-Tetrachlorobiphenyl"
1336363,Polychlorinated biphenyls (PCBs),34883-41-5,"3,5-Dichlorobiphenyl"
1336363,Polychlorinated biphenyls (PCBs),35694-06-5,"2,2',3,4,4',5-Hexachlorobiphenyl"
1336363,Polychlorinated biphenyls (PCBs),35694-08-7,"2,2',3,3',4,4',5,5'-Octachlorobiphenyl"
1336363,Polychlorinated biphenyls (PCBs),37680-68-5,"2,3',5'-Trichlorobiphenyl"
1336363,Polychlorinated biphenyls (PCBs),38380-05-1,"2,2',3,3',4,6'-Hexachlorobiphenyl"
1336363,Polychlorinated biphenyls (PCBs),38411-25-5,"2,2',3,3',4,5,6'-Heptachlorobiphenyl"
1336363,Polychlorinated biphenyls (PCBs),38444-76-7,"2,3',6-Trichlorobiphenyl"
1336363,Polychlorinated biphenyls (PCBs),39635-31-9,"2,3,3',4,4',5,5'-Heptachlorobiphenyl"
1336363,Polychlorinated biphenyls (PCBs),39635-33-1,"3,3',4,5,5'-Pentachlorobiphenyl"
1336363,Polychlorinated biphenyls (PCBs),39635-35-3,"2,3,3',4,5,5'-Hexachlorobiphenyl"
1336363,Polychlorinated biphenyls (PCBs),40186-70-7,"2,2',3,3',4,5',6-Heptachlorobiphenyl"
1336363,Polychlorinated biphenyls (PCBs),40186-71-8,"2,2',3,3',4,5',6,6'-Octachlorobiphenyl"
1336363,Polychlorinated biphenyls (PCBs),41411-61-4,"2,2',3,4,5,6-Hexachlorobiphenyl"
1336363,Polychlorinated biphenyls (PCBs),41411-63-6,"2,3,4,4',5,6-Hexachlorobiphenyl"
1336363,Polychlorinated biphenyls (PCBs),41411-64-7,"2,3,3',4,4',5,6-Heptachlorobiphenyl"
1336363,Polychlorinated biphenyls (PCBs),41464-42-0,"2,3',5,5'-Tetrachlorobiphenyl"
1336363,Polychlorinated biphenyls (PCBs),41464-43-1,"2,3,3',4'-Tetrachlorobiphenyl"
1336363,Polychlorinated biphenyls (PCBs),41464-46-4,"2,3',4',6-Tetrachlorobiphenyl"
1336363,Polychlorinated biphenyls (PCBs),41464-48-6,"3,3',4,5'-Tetrachlorobiphenyl"
1336363,Polychlorinated biphenyls (PCBs),41464-49-7,"2,3,3',5'-Tetrachlorobiphenyl"
1336363,Polychlorinated biphenyls (PCBs),42740-50-1,"2,2',3,3',4,4',5,6'-Octachlorobiphenyl"
1336363,Polychlorinated biphenyls (PCBs),51908-16-8,"2,2',3,4',5,5'-Hexachlorobiphenyl"
1336363,Polychlorinated biphenyls (PCBs),52663-58-8,"2,3,4',6-Tetrachlorobiphenyl"
1336363,Polychlorinated biphenyls (PCBs),52663-63-5,"2,2',3,5,5',6-Hexachlorobiphenyl"
1336363,Polychlorinated biphenyls (PCBs),52663-65-7,"2,2',3,3',4,6,6'-Heptachlorobiphenyl"
1336363,Polychlorinated biphenyls (PCBs),52663-67-9,"2,2',3,3',5,5',6-Heptachlorobiphenyl"
1336363,Polychlorinated biphenyls (PCBs),52663-69-1,"2,2',3,4,4',5',6-Heptachlorobiphenyl"
1336363,Polychlorinated biphenyls (PCBs),52663-70-4,"2,2',3,3',4,5',6'-Heptachlorobiphenyl"
1336363,Polychlorinated biphenyls (PCBs),52663-72-6,"2,3',4,4',5,5'-Hexachlorobiphenyl"
1336363,Polychlorinated biphenyls (PCBs),52663-73-7,"2,2',3,3',4,5,6,6'-Octachlorobiphenyl"
1336363,Polychlorinated biphenyls (PCBs),52663-74-8,"2,2',3,3',4,5,5'-Heptachlorobiphenyl"
1336363,Polychlorinated biphenyls (PCBs),52663-75-9,"2,2',3,3',4,5,5',6'-Octachlorobiphenyl"
1336363,Polychlorinated biphenyls (PCBs),52663-76-0,"2,2',3,4,4',5,5',6-Octachlorobiphenyl"
1336363,Polychlorinated biphenyls (PCBs),52663-77-1,"2,2',3,3',4,5,5',6,6'-Nonachlorobiphenyl"
1336363,Polychlorinated biphenyls (PCBs),52663-78-2,"2,2',3,3',4,4',5,6-Octachlorobiphenyl"
1336363,Polychlorinated biphenyls (PCBs),52663-79-3,"2,2',3,3',4,4',5,6,6'-Nonachlorobiphenyl"
1336363,Polychlorinated biphenyls (PCBs),52704-70-8,"2,2',3,3',5,6-Hexachlorobiphenyl"
1336363,Polychlorinated biphenyls (PCBs),52712-04-6,"2,2',3,4,5,5'-Hexachlorobiphenyl"
1336363,Polychlorinated biphenyls (PCBs),52712-05-7,"2,2',3,4,5,5',6-Heptachlorobiphenyl"
1336363,Polychlorinated biphenyls (PCBs),53555-66-1,"3,4,5-Trichlorobiphenyl"
1336363,Polychlorinated biphenyls (PCBs),54230-22-7,"2,3,4,6-Tetrachlorobiphenyl"
1336363,Polychlorinated biphenyls (PCBs),55215-17-3,"2,2',3,4,6-Pentachlorobiphenyl"
1336363,Polychlorinated biphenyls (PCBs),55312-69-1,"2,2',3,4,5-Pentachlorobiphenyl"
1336363,Polychlorinated biphenyls (PCBs),55702-46-0,"2,3,4-Trichlorobiphenyl"
1336363,Polychlorinated biphenyls (PCBs),55712-37-3,"2,3',4-Trichlorobiphenyl"
1336363,Polychlorinated biphenyls (PCBs),55720-44-0,"2,3,5-Trichlorobiphenyl"
1336363,Polychlorinated biphenyls (PCBs),56030-56-9,"2,2',3,4,4',6-Hexachlorobiphenyl"
1336363,Polychlorinated biphenyls (PCBs),56558-16-8,"2,2',4,6,6'-Pentachlorobiphenyl"
1336363,Polychlorinated biphenyls (PCBs),56558-17-9,"2,3',4,4',6-Pentachlorobiphenyl"
1336363,Polychlorinated biphenyls (PCBs),59291-64-4,"2,2',3,4,4',6'-Hexachlorobiphenyl"
1336363,Polychlorinated biphenyls (PCBs),59291-65-5,"2,3',4,4',5',6-Hexachlorobiphenyl"
1336363,Polychlorinated biphenyls (PCBs),60145-20-2,"2,2',3,3',5-Pentachlorobiphenyl"
1336363,Polychlorinated biphenyls (PCBs),60145-21-3,"2,2',4,5',6-Pentachlorobiphenyl"
1336363,Polychlorinated biphenyls (PCBs),60145-22-4,"2,2',4,4',5,6'-Hexachlorobiphenyl"
1336363,Polychlorinated biphenyls (PCBs),60145-23-5,"2,2',3,4,4',5,6'-Heptachlorobiphenyl"
1336363,Polychlorinated biphenyls (PCBs),60233-24-1,"2,3',4,6-Tetrachlorobiphenyl"
1336363,Polychlorinated biphenyls (PCBs),60233-25-2,"2,2',3,4',6'-Pentachlorobiphenyl"
1336363,Polychlorinated biphenyls (PCBs),62796-65-0,"2,2',4,6-Tetrachlorobiphenyl"
1336363,Polychlorinated biphenyls (PCBs),68194-07-0,"2,2',3,4',5-Pentachlorobiphenyl"
1336363,Polychlorinated biphenyls (PCBs),68194-13-8,"2,2',3,4',5,6-Hexachlorobiphenyl"
1336363,Polychlorinated biphenyls (PCBs),68194-14-9,"2,2',3,4,5',6-Hexachlorobiphenyl"
1336363,Polychlorinated biphenyls (PCBs),68194-15-0,"2,2',3,4,5,6'-Hexachlorobiphenyl"
1336363,Polychlorinated biphenyls (PCBs),68194-16-1,"2,2',3,3',4,5,6-Heptachlorobiphenyl"
1336363,Polychlorinated biphenyls (PCBs),68194-17-2,"2,2',3,3',4,5,5',6-Octachlorobiphenyl"
1336363,Polychlorinated biphenyls (PCBs),69782-90-7,"2,3,3',4,4',5'-Hexachlorobiphenyl"
1336363,Polychlorinated biphenyls (PCBs),70362-41-3,"2,3,3',4,5'-Pentachlorobiphenyl"
1336363,Polychlorinated biphenyls (PCBs),70362-47-9,"2,2',4,5-Tetrachlorobiphenyl"
1336363,Polychlorinated biphenyls (PCBs),70362-49-1,"3,3',4,5-Tetrachlorobiphenyl"
1336363,Polychlorinated biphenyls (PCBs),70362-50-4,"3,4,4',5-Tetrachlorobiphenyl"
1336363,Polychlorinated biphenyls (PCBs),70424-67-8,"2,3,3',5-Tetrachlorobiphenyl"
1336363,Polychlorinated biphenyls (PCBs),70424-68-9,"2,3,3',4',5-Pentachlorobiphenyl"
1336363,Polychlorinated biphenyls (PCBs),70424-69-0,"2,3,3',4,5-Pentachlorobiphenyl"
1336363,Polychlorinated biphenyls (PCBs),70424-70-3,"2,3',4',5,5'-Pentachlorobiphenyl"
1336363,Polychlorinated biphenyls (PCBs),73575-52-7,"2,3',4,5'-Tetrachlorobiphenyl"
1336363,Polychlorinated biphenyls (PCBs),73575-53-8,"2,3',4,5-Tetrachlorobiphenyl"
1336363,Polychlorinated biphenyls (PCBs),73575-54-9,"2,2',3,6,6'-Pentachlorobiphenyl"
1336363,Polychlorinated biphenyls (PCBs),73575-55-0,"2,2',3,5,6'-Pentachlorobiphenyl"
1336363,Polychlorinated biphenyls (PCBs),73575-56-1,"2,2',3,5,6-Pentachlorobiphenyl"
1336363,Polychlorinated biphenyls (PCBs),73575-57-2,"2,2',3,4,6'-Pentachlorobiphenyl"
1336363,Polychlorinated biphenyls (PCBs),74338-23-1,"2,3',5',6-Tetrachlorobiphenyl"
1336363,Polychlorinated biphenyls (PCBs),74338-24-2,"2,3,3',4-Tetrachlorobiphenyl"
1336363,Polychlorinated biphenyls (PCBs),74472-33-6,"2,3,3',6-Tetrachlorobiphenyl"
1336363,Polychlorinated biphenyls (PCBs),74472-34-7,"2,3,4',5-Tetrachlorobiphenyl"
1336363,Polychlorinated biphenyls (PCBs),74472-35-8,"2,3,3',4,6-Pentachlorobiphenyl"
1336363,Polychlorinated biphenyls (PCBs),74472-36-9,"2,3,3',5,6-Pentachlorobiphenyl"
1336363,Polychlorinated biphenyls (PCBs),74472-37-0,"2,3,4,4',5-Pentachlorobiphenyl"
1336363,Polychlorinated biphenyls (PCBs),74472-38-1,"2,3,4,4',6-Pentachlorobiphenyl"
1336363,Polychlorinated biphenyls (PCBs),74472-39-2,"2,3',4',5',6-Pentachlorobiphenyl"
1336363,Polychlorinated biphenyls (PCBs),74472-40-5,"2,2',3,4,6,6'-Hexachlorobiphenyl"
1336363,Polychlorinated biphenyls (PCBs),74472-41-6,"2,2',3,4',5,6'-Hexachlorobiphenyl"
1336363,Polychlorinated biphenyls (PCBs),74472-42-7,"2,3,3',4,4',6-Hexachlorobiphenyl"
1336363,Polychlorinated biphenyls (PCBs),74472-43-8,"2,3,3',4,5',6-Hexachlorobiphenyl"
1336363,Polychlorinated biphenyls (PCBs),74472-44-9,"2,3,3',4',5,6-Hexachlorobiphenyl"
1336363,Polychlorinated biphenyls (PCBs),74472-45-0,"2,3,3',4',5',6-Hexachlorobiphenyl"
1336363,Polychlorinated biphenyls (PCBs),74472-47-2,"2,2',3,4,4',5,6-Heptachlorobiphenyl"
1336363,Polychlorinated biphenyls (PCBs),74472-48-3,"2,2',3,4,4',6,6'-Heptachlorobiphenyl"
1336363,Polychlorinated biphenyls (PCBs),74472-49-4,"2,2',3,4,5,6,6'-Heptachlorobiphenyl"
1336363,Polychlorinated biphenyls (PCBs),74472-50-7,"2,3,3',4,4',5',6-Heptachlorobiphenyl"
1336363,Polychlorinated biphenyls (PCBs),74472-51-8,"2,3,3',4,5,5',6-Heptachlorobiphenyl"
1336363,Polychlorinated biphenyls (PCBs),74472-52-9,"2,2',3,4,4',5,6,6'-Octachlorobiphenyl"
1336363,Polychlorinated biphenyls (PCBs),74472-53-0,"2,3,3',4,4',5,5',6-Octachlorobiphenyl"
1336363,Polychlorinated biphenyls (PCBs),74487-85-7,"2,2',3,4',5,6,6'-Heptachlorobiphenyl"
1336363,Polychlorinated biphenyls (PCBs),38444-73-4,"2,2',6-Trichlorobiphenyl"
1336363,Polychlorinated biphenyls (PCBs),38444-81-4,PCB 026
1336363,Polychlorinated biphenyls (PCBs),70362-45-7,PCB 045
1336363,Polychlorinated biphenyls (PCBs),61798-70-7,PCB 131
1336363,Polychlorinated biphenyls (PCBs),38444-85-8,"2,3,4'-Trichlorobiphenyl"
1336363,Polychlorinated biphenyls (PCBs),52663-62-4,"2,2',3,3',4-Pentachlorobiphenyl"
1336363,Polychlorinated biphenyls (PCBs),38380-07-3,"2,2',3,3',4,4'-Hexachlorobiphenyl"
1336363,Polychlorinated biphenyls (PCBs),38444-87-0,"3,3',5-Trichlorobiphenyl"
1336363,Polychlorinated biphenyls (PCBs),2974-90-5,"3,4'-Dichlorobiphenyl"
1336363,Polychlorinated biphenyls (PCBs),37680-69-6,"3,3',4-Trichlorobiphenyl"
1336363,Polychlorinated biphenyls (PCBs),38444-88-1,"3,4',5-Trichlorobiphenyl"
1336363,Polychlorinated biphenyls (PCBs),38444-90-5,"3,4,4'-Trichlorobiphenyl"
1336363,Polychlorinated biphenyls (PCBs),39635-32-0,"2,3,3',5,5'-Pentachlorobiphenyl"
1336363,Polychlorinated biphenyls (PCBs),39635-34-2,"2,3,3',4',5,5'-Hexachlorobiphenyl"
1336363,Polychlorinated biphenyls (PCBs),40186-72-9,"2,2',3,3',4,4',5,5',6-Nonachlorobiphenyl"
1336363,Polychlorinated biphenyls (PCBs),41411-62-5,"2,3,3',4,5,6-Hexachlorobiphenyl"
1336363,Polychlorinated biphenyls (PCBs),41464-47-5,"2,2',3,6'-Tetrachlorobiphenyl"
1336363,Polychlorinated biphenyls (PCBs),56558-18-0,"2,3',4,5',6-Pentachlorobiphenyl"
1336363,Polychlorinated biphenyls (PCBs),65510-44-3,"2',3,4,4',5-Pentachlorobiphenyl"
1336363,Polychlorinated biphenyls (PCBs),69782-91-8,"2,3,3',4',5,5',6-Heptachlorobiphenyl"
1336363,Polychlorinated biphenyls (PCBs),70362-46-8,"2,2',3,5-Tetrachlorobiphenyl"
1336363,Polychlorinated biphenyls (PCBs),70362-48-0,"2,3',4',5'-Tetrachlorobiphenyl"
1336363,Polychlorinated biphenyls (PCBs),2050-67-1,"3,3'-Dichloro-1,1'-biphenyl"
1336363,Polychlorinated biphenyls (PCBs),36559-22-5,"2,2',3,4'-Tetrachloro-1,1'-biphenyl"
1300716,"Phenol, dimethyl-",105-67-9,"2,4-Dimethylphenol"
1300716,"Phenol, dimethyl-",95-65-8,"3,4-Dimethylphenol"
1300716,"Phenol, dimethyl-",576-26-1,"2,6-Dimethylphenol"
1300716,"Phenol, dimethyl-",526-75-0,"2,3-Dimethylphenol"
1300716,"Phenol, dimethyl-",95-87-4,"2,5-Dimethylphenol"
1300716,"Phenol, dimethyl-",108-68-9,"3,5-Dimethylphenol"
NA-35,Polychlorinated alkanes (C10-C13),13275-21-3,"Octane, 1,1,1-trichloro-3,5-dimethyl-"
NA-35,Polychlorinated alkanes (C10-C13),17081-64-0,"Octane, 1,3,7-trichloro-3,7-dimethyl-, (ï¿½)-"
NA-35,Polychlorinated alkanes (C10-C13),39185-78-9,"Decane, 2,2,4-trichloro-"
NA-35,Polychlorinated alkanes (C10-C13),62108-56-9,"Decane, 1,1,1-trichloro-"
NA-35,Polychlorinated alkanes (C10-C13),64554-71-8,"Decane, trichloro-"
NA-35,Polychlorinated alkanes (C10-C13),64961-16-6,"Octane, 1,3,7-trichloro-3,7-dimethyl-"
NA-35,Polychlorinated alkanes (C10-C13),66651-36-3,"Decane, 1,1,3-trichloro-"
NA-35,Polychlorinated alkanes (C10-C13),87147-86-2,"Octane, 1,3,5-trichloro-7,7-dimethyl-(R*,R*)-"
NA-35,Polychlorinated alkanes (C10-C13),87147-87-3,"Octane, 1,3,5-trichloro-7,7-dimethyl-(R*,S*)-"
NA-35,Polychlorinated alkanes (C10-C13),87260-59-1,"Octane, 1,3,5-trichloro-7,7-dimethyl-"
NA-35,Polychlorinated alkanes (C10-C13),99175-28-7,"Octane, 1,2,7-trichloro-3,7-dimethyl-"
NA-35,Polychlorinated alkanes (C10-C13),108140-20-1,"Decane, 1,3,5-trichloro-"
NA-35,Polychlorinated alkanes (C10-C13),154120-66-8,"Heptane, 1,7-dichloro-4-(3-chloropropyl)-"
NA-35,Polychlorinated alkanes (C10-C13),159715-71-6,Not yet assigned
NA-35,Polychlorinated alkanes (C10-C13),10311-15-6,"Decane, 1,1,1,10-tetrachloro-"
NA-35,Polychlorinated alkanes (C10-C13),17977-23-0,"Octane, 1,1,1,7-tetrachloro-3,5-dimethyl-"
NA-35,Polychlorinated alkanes (C10-C13),29293-15-0,"Octane, 1,1,1,7-tetrachloro-3,5-dimethyl-, D,D,L-"
NA-35,Polychlorinated alkanes (C10-C13),29293-20-7,"Octane, 1,1,1,7-tetrachloro-3,5-dimethyl, -D,D,D-"
NA-35,Polychlorinated alkanes (C10-C13),29293-21-8,"Octane, 1,1,1,7-tetrachloro-3,5-dimethyl-, D,L,D-"
NA-35,Polychlorinated alkanes (C10-C13),29293-22-9,"Octane, 1,1,1,7-tetrachloro-3,5-dimethyl-, D,L,L-"
NA-35,Polychlorinated alkanes (C10-C13),31031-25-1,"Octane, 1,1,1,7-tetrachloro-3,5-dimethyl-(3R*,5R*,7R*)"
NA-35,Polychlorinated alkanes (C10-C13),31031-26-2,"Octane, 1,1,1,7-tetrachloro-3,5-dimethyl-, heterotactic"
NA-35,Polychlorinated alkanes (C10-C13),31107-32-1,"Octane, 1,1,1,7-tetrachloro-3,5-dimethyl-, (3R*,5S*,7R*)"
NA-35,Polychlorinated alkanes (C10-C13),33025-70-6,"Decane, 1,1,10,10-tetrachloro-"
NA-35,Polychlorinated alkanes (C10-C13),51500-53-9,"Nonane, 2,4,4,8-tetrachloro-6-methyl"
NA-35,Polychlorinated alkanes (C10-C13),51755-60-3,"Decane, 1,1,1,3-tetrachloro-"
NA-35,Polychlorinated alkanes (C10-C13),91087-09-1,"Decane, 5,5,6,6-tetrachloro-"
NA-35,Polychlorinated alkanes (C10-C13),102880-00-2,"Decane, 1,5,6,10-tetrachloro-"
NA-35,Polychlorinated alkanes (C10-C13),108140-19-8,"Decane, 1,3,3,5-tetrachloro-"
NA-35,Polychlorinated alkanes (C10-C13),109749-69-1,"Heptane, 1,1,1,6-tetrachloro-3,3,6-trimethyl-"
NA-35,Polychlorinated alkanes (C10-C13),90943-97-8,"Decane, 1,5,5,6,6,10-hexachloro-"
NA-35,Polychlorinated alkanes (C10-C13),99192-48-0,"Octane, 2,4,4,5,5,7-hexachloro-2,7-dimethyl-"
NA-35,Polychlorinated alkanes (C10-C13),32534-78-4,"Decane, heptachloro-"
NA-35,Polychlorinated alkanes (C10-C13),69537-72-0,"Heptane, 2,2,4,6,6-pentachloro-4-(2,2-dichoropropyl)-"
NA-35,Polychlorinated alkanes (C10-C13),3922-25-6,"Undecane, 1,1,1-trichloro"
NA-35,Polychlorinated alkanes (C10-C13),56686-58-9,"Undecane, 1,1,3-trichloro"
NA-35,Polychlorinated alkanes (C10-C13),80365-36-2,"Undecane, 1,1,5-trichloro"
NA-35,Polychlorinated alkanes (C10-C13),80365-37-3,"Undecane, 1,1,6-trichloro"
NA-35,Polychlorinated alkanes (C10-C13),80365-38-4,"Undecane, 1,1,8-trichloro"
NA-35,Polychlorinated alkanes (C10-C13),80365-39-5,"Undecane, 1,1,9-trichloro"
NA-35,Polychlorinated alkanes (C10-C13),80365-40-8,"Undecane, 1,1,10-trichloro"
NA-35,Polychlorinated alkanes (C10-C13),86405-89-2,"Nonane, 4-(2,2,2-trichloroethyl)-"
NA-35,Polychlorinated alkanes (C10-C13),3922-34-7,"Undecane, 1,1,1,11-tetrachloro"
NA-35,Polychlorinated alkanes (C10-C13),39580-89-7,"Pentane, 1,1,1,3-tetrachloro-3-(1,1-dimethylethyl)-4,4-dimethyl-"
NA-35,Polychlorinated alkanes (C10-C13),56686-55-6,"Undecane, 1,1,1,3-tetrachloro-"
NA-35,Polychlorinated alkanes (C10-C13),63981-28-2,"Undecane, 1,1,1,2-tetrachloro-"
NA-35,Polychlorinated alkanes (C10-C13),63988-32-9,"Undecane, tetrachloro-"
NA-35,Polychlorinated alkanes (C10-C13),105278-95-3,"Heptane, 1,1,7,7-tetrachloro-3,3,5,5-tetramethyl-"
NA-35,Polychlorinated alkanes (C10-C13),140899-23-6,"Undecane, 2,4,6,8,10-pentachloro-"
NA-35,Polychlorinated alkanes (C10-C13),36312-81-9,"Undecane, octachloro-"
NA-35,Polychlorinated alkanes (C10-C13),18993-26-5,"Undecane, 1,1,1,3,5,7,9,11-11-nonachloro"
NA-35,Polychlorinated alkanes (C10-C13),62108-57-0,"Dodecane, 1,1,1-trichloro-"
NA-35,Polychlorinated alkanes (C10-C13),10311-16-7,"Dodecane, 1,1,1,12-tetrachloro-"
NA-35,Polychlorinated alkanes (C10-C13),14983-60-9,"Dodecane, 1,1,1,3-tetrachloro-"
NA-35,Polychlorinated alkanes (C10-C13),60836-00-2,"Dodecane, 1,1,12,12-tetrachloro-"
NA-35,Polychlorinated alkanes (C10-C13),87562-53-6,"Decane, 1,3,5,7-tetrachloro-9,9-dimethyl-(3R*,5S*,7S*)"
NA-35,Polychlorinated alkanes (C10-C13),87585-26-0,"Decane, 1,3,5,7-tetrachloro-9,9-dimethyl-(3R*,5R*,7S*)"
NA-35,Polychlorinated alkanes (C10-C13),87585-27-1,"Decane, 1,3,5,7-tetrachloro-9,9-dimethyl-(3R*,5R*,7R*)"
NA-35,Polychlorinated alkanes (C10-C13),87585-28-2,"Decane, 1,3,5,7-tetrachloro-9,9-dimethyl-(3R*,5S*,7R*)"
NA-35,Polychlorinated alkanes (C10-C13),100525-30-2,"Dodecane, 1,1,1,2,2,12-hexachloro-"
NA-35,Polychlorinated alkanes (C10-C13),128600-85-1,"Octane, 1,1,1,8,8,8-hexachloro-3,3,6,6-tetramethyl-"
NA-35,Polychlorinated alkanes (C10-C13),136671-00-6,"Dodecane, 1,3,5,7,9,11-hexachloro-"
NA-35,Polychlorinated alkanes (C10-C13),3922-33-6,"Tridecane, 1,1,1,13-tetrachloro-"
NA-35,Polychlorinated alkanes (C10-C13),67095-50-5,"Tridecane, 1,1,1,3,-tetrachloro"
NA-35,Polychlorinated alkanes (C10-C13),88938-19-6,"Undecane, 5-chloro-7-(2,2,2-trichloroethyl)-"
NA-35,Polychlorinated alkanes (C10-C13),96621-01-1,"Tridecane, tetrachloro-"
NA-35,Polychlorinated alkanes (C10-C13),57437-54-4,"Tridecane, pentachloro-"
NA-35,Polychlorinated alkanes (C10-C13),141600-29-5,"Tridecane, 2,4,6,8,10,12-hexachloro-"
NA-34,"Ethylenebisdithiocarbamic acid, salts and esters",111-54-6,Ethylenebisdithiocarbamic acid (EBDC)
NA-34,"Ethylenebisdithiocarbamic acid, salts and esters",1428-76-8,"Carbamic acid, ethylenebis[dithio-, ammonium sodium salt)"
NA-34,"Ethylenebisdithiocarbamic acid, salts and esters",3566-10-7,"Carbamodithioic acid, 1,2-ethanediylbis-, diammonium salt"
NA-34,"Ethylenebisdithiocarbamic acid, salts and esters",5895-18-1,"Carbamodithioic acid, 1,2-ethanediylbis-, calcium salt (1:1)"
NA-34,"Ethylenebisdithiocarbamic acid, salts and esters",8018-01-7,Ethylenebis (dithiocarbamic acid) manganese zinc complex
NA-34,"Ethylenebisdithiocarbamic acid, salts and esters",10039-34-6,"Carbamodithioic acid, 1,2-ethanediylbis-, dipotassium salt"
NA-34,"Ethylenebisdithiocarbamic acid, salts and esters",13036-89-0,"Carbamodithioic acid, 1,2-ethanediylbis-, monosodium salt"
NA-34,"Ethylenebisdithiocarbamic acid, salts and esters",17188-79-3,"Carbamodithioic acid, 1,2-ethanediylbis-, ammonium salt"
NA-34,"Ethylenebisdithiocarbamic acid, salts and esters",22124-95-4,"Carbamodithioic acid, 1,2-ethanediylbis-, sodium salt"
NA-34,"Ethylenebisdithiocarbamic acid, salts and esters",22221-14-3,"Carbamic acid, ethylenebis[dithio-, ammonium potassium salt"
NA-34,"Ethylenebisdithiocarbamic acid, salts and esters",120834-78,"Carbamodithioic acid, 1,2-ethanediylbis-, mixt. with dimethylcarbamodithioic acid"
130498292,Polycyclic aromatic hydrocarbon (PAHs),84-65-1,Anthraquinone
130498292,Polycyclic aromatic hydrocarbon (PAHs),50-32-8,Benzo(a)pyrene
130498292,Polycyclic aromatic hydrocarbon (PAHs),86-74-8,Carbazole
130498292,Polycyclic aromatic hydrocarbon (PAHs),53-70-3,"Dibenz(a,h)anthracene"
130498292,Polycyclic aromatic hydrocarbon (PAHs),120-72-9,Indole
130498292,Polycyclic aromatic hydrocarbon (PAHs),91-20-3,Naphthalene
130498292,Polycyclic aromatic hydrocarbon (PAHs),91-22-5,Quinoline
130498292,Polycyclic aromatic hydrocarbon (PAHs),218-01-9,Chrysene
130498292,Polycyclic aromatic hydrocarbon (PAHs),243-17-4,"2,3-Benzofluorene"
130498292,Polycyclic aromatic hydrocarbon (PAHs),192-97-2,Benzo(e)pyrene
130498292,Polycyclic aromatic hydrocarbon (PAHs),208-96-8,Acenaphthylene
130498292,Polycyclic aromatic hydrocarbon (PAHs),120-12-7,Anthracene
130498292,Polycyclic aromatic hydrocarbon (PAHs),56-55-3,Benz(a)anthracene
130498292,Polycyclic aromatic hydrocarbon (PAHs),205-99-2,Benzo(b)fluoranthene
130498292,Polycyclic aromatic hydrocarbon (PAHs),191-24-2,"Benzo(g,h,i)perylene"
130498292,Polycyclic aromatic hydrocarbon (PAHs),207-08-9,Benzo(k)fluoranthene
130498292,Polycyclic aromatic hydrocarbon (PAHs),206-44-0,Fluoranthene
130498292,Polycyclic aromatic hydrocarbon (PAHs),86-73-7,Fluorene
130498292,Polycyclic aromatic hydrocarbon (PAHs),193-39-5,"Indeno(1,2,3-cd)pyrene"
130498292,Polycyclic aromatic hydrocarbon (PAHs),85-01-8,Phenanthrene
130498292,Polycyclic aromatic hydrocarbon (PAHs),129-00-0,Pyrene
130498292,Polycyclic aromatic hydrocarbon (PAHs),85-02-9,Benzo(f)quinoline
130498292,Polycyclic aromatic hydrocarbon (PAHs),203-64-5,4H-Cyclopenta(def)phenanthrene
130498292,Polycyclic aromatic hydrocarbon (PAHs),66-71-7,"1,10-Phenanthroline"
130498292,Polycyclic aromatic hydrocarbon (PAHs),119-65-3,Isoquinoline
130498292,Polycyclic aromatic hydrocarbon (PAHs),191-07-1,Coronene
130498292,Polycyclic aromatic hydrocarbon (PAHs),132-65-0,Dibenzothiophene
130498292,Polycyclic aromatic hydrocarbon (PAHs),198-55-0,Perylene
130498292,Polycyclic aromatic hydrocarbon (PAHs),215-58-7,"Dibenz[a,c]anthracene"
130498292,Polycyclic aromatic hydrocarbon (PAHs),486-25-9,9-Fluorenone
130498292,Polycyclic aromatic hydrocarbon (PAHs),90-44-8,Anthrone
130498292,Polycyclic aromatic hydrocarbon (PAHs),82-05-3,Benz[de]anthracen-7-one
130498292,Polycyclic aromatic hydrocarbon (PAHs),192-65-4,"Dibenzo(a,e)pyrene"
130498292,Polycyclic aromatic hydrocarbon (PAHs),205-82-3,Benzo(j)fluoranthene
130498292,Polycyclic aromatic hydrocarbon (PAHs),84-11-7,"9,10-Phenanthrenedione"
130498292,Polycyclic aromatic hydrocarbon (PAHs),92-24-0,Naphthacene
130498292,Polycyclic aromatic hydrocarbon (PAHs),92-82-0,Phenazine
130498292,Polycyclic aromatic hydrocarbon (PAHs),92-83-1,9H-Xanthene
130498292,Polycyclic aromatic hydrocarbon (PAHs),189-55-9,"Dibenzo[a,i]pyrene"
130498292,Polycyclic aromatic hydrocarbon (PAHs),189-64-0,"Dibenzo[a,h]pyrene"
130498292,Polycyclic aromatic hydrocarbon (PAHs),191-30-0,"Dibenzo[a,l]pyrene"
130498292,Polycyclic aromatic hydrocarbon (PAHs),194-59-2,"7H-Dibenzo[c,g]carbazole"
130498292,Polycyclic aromatic hydrocarbon (PAHs),217-59-4,Triphenylene
130498292,Polycyclic aromatic hydrocarbon (PAHs),224-42-0,"Dibenz[a,j]acridine"
130498292,Polycyclic aromatic hydrocarbon (PAHs),225-51-4,Benz[c]acridine
130498292,Polycyclic aromatic hydrocarbon (PAHs),226-36-8,"Dibenz[a,h]acridine"
130498292,Polycyclic aromatic hydrocarbon (PAHs),259-79-0,Biphenylene
130498292,Polycyclic aromatic hydrocarbon (PAHs),260-94-6,Acridine
130498292,Polycyclic aromatic hydrocarbon (PAHs),194-69-4,Benzo[c]chrysene
130498292,Polycyclic aromatic hydrocarbon (PAHs),213-46-7,Picene
130498292,Polycyclic aromatic hydrocarbon (PAHs),229-87-8,Phenanthridine
130498292,Polycyclic aromatic hydrocarbon (PAHs),230-17-1,Benzo[c]cinnoline
130498292,Polycyclic aromatic hydrocarbon (PAHs),224-41-9,"Dibenz[a,j]anthracene"
130498292,Polycyclic aromatic hydrocarbon (PAHs),27208-37-3,Cyclopenta[cd]pyrene
130498292,Polycyclic aromatic hydrocarbon (PAHs),201-06-9,Acephenanthrylene
130498292,Polycyclic aromatic hydrocarbon (PAHs),230-27-3,Benzo[h]quinoline
130498292,Polycyclic aromatic hydrocarbon (PAHs),238-84-6,11H-Benzo[a]fluorene
130498292,Polycyclic aromatic hydrocarbon (PAHs),239-35-0,"Benzo[b]naphtho[2,1-d]thiophene"
130498292,Polycyclic aromatic hydrocarbon (PAHs),30796-92-0,"Phenanthro[4,5-bcd]thiophene"
130498292,Polycyclic aromatic hydrocarbon (PAHs),203-80-5,1H-Phenalene
130498292,Polycyclic aromatic hydrocarbon (PAHs),239-64-5,"1,2;7,8-Dibenzocarbazole"
130498292,Polycyclic aromatic hydrocarbon (PAHs),191-26-4,Anthanthrene
130498292,Polycyclic aromatic hydrocarbon (PAHs),203-12-3,Benzo[ghi]fluoranthene
130498292,Polycyclic aromatic hydrocarbon (PAHs),195-19-7,Benzo[c]phenanthrene
130498292,Polycyclic aromatic hydrocarbon (PAHs),196-78-1,Benzo(g)chrysene
130498292,Polycyclic aromatic hydrocarbon (PAHs),196-79-2,"Benzo(h)naphtho(1,2-f)quinoline"
130498292,Polycyclic aromatic hydrocarbon (PAHs),207-84-1,"7H-Dibenzo(a,g)carbazole"
130498292,Polycyclic aromatic hydrocarbon (PAHs),214-17-5,Benzo(b)chrysene
130498292,Polycyclic aromatic hydrocarbon (PAHs),222-93-5,"2,3:6,7-Dibenzphenanthrene"
130498292,Polycyclic aromatic hydrocarbon (PAHs),224-53-3,"Dibenz(c,h)acridine"
130498292,Polycyclic aromatic hydrocarbon (PAHs),224-98-6,"Naphtho(2,3-f)quinoline"
130498292,Polycyclic aromatic hydrocarbon (PAHs),205-12-9,7H-Benzo[c]fluorene
127564925,"Propane, dichloropentafluoro-",422-56-0,"3,3-Dichloro-1,1,1,2,2-pentafluoropropane"
127564925,"Propane, dichloropentafluoro-",507-55-1,"1,3-Dichloro-1,1,2,2,3-pentafluoropropane"
25637994,Hexabromocyclododecane (HBCD),3194-55-6,"1,2,5,6,9,10-Hexabromocyclododecane"
25637994,Hexabromocyclododecane (HBCD),25637-99-4,Hexabromocyclododecane
9016459,"Poly(oxy-1,2-ethanediyl), .alpha.-(nonylphenyl)-.omega.-hydroxy-",20427-84-3,2-[2-(4-Nonylphenoxy)ethoxy]ethanol
9016459,"Poly(oxy-1,2-ethanediyl), .alpha.-(nonylphenyl)-.omega.-hydroxy-",20636-48-0,Pentaethylene glycol 4-nonylphenyl ether
9016459,"Poly(oxy-1,2-ethanediyl), .alpha.-(nonylphenyl)-.omega.-hydroxy-",3151-30-2,"Decaethylene glycol, mono(p-octylphenyl) ether"
9016459,"Poly(oxy-1,2-ethanediyl), .alpha.-(nonylphenyl)-.omega.-hydroxy-",32742-88-4,"20-(4-Octylphenoxy)-3,6,9,12,15,18-hexaoxaicosan-1-ol"
9016459,"Poly(oxy-1,2-ethanediyl), .alpha.-(nonylphenyl)-.omega.-hydroxy-",51437-93-5,"3,6,9,12-Tetraoxatetradecan-1-ol, 14-(4-octylphenoxy)-"
9016459,"Poly(oxy-1,2-ethanediyl), .alpha.-(nonylphenyl)-.omega.-hydroxy-",3520-90-9,"3,6,9,12,15,18,21-Heptaoxatricosan-1-ol, 23-(4-octylphenoxy)-"
9016459,"Poly(oxy-1,2-ethanediyl), .alpha.-(nonylphenyl)-.omega.-hydroxy-",51437-90-2,2-[2-(4-Octylphenoxy)ethoxy]ethan-1-ol
9016459,"Poly(oxy-1,2-ethanediyl), .alpha.-(nonylphenyl)-.omega.-hydroxy-",51437-94-6,"17-(4-Octylphenoxy)-3,6,9,12,15-pentaoxaheptadecan-1-ol"
9016459,"Poly(oxy-1,2-ethanediyl), .alpha.-(nonylphenyl)-.omega.-hydroxy-",27288-52-4,"26-(2-Octylphenoxy)-3,6,9,12,15,18,21,24-octaoxahexacosan-1-ol"
9016459,"Poly(oxy-1,2-ethanediyl), .alpha.-(nonylphenyl)-.omega.-hydroxy-",27176-96-1,2-(2-{2-[2-(2-Octylphenoxy)ethoxy]ethoxy}ethoxy)ethan-1-ol
9016459,"Poly(oxy-1,2-ethanediyl), .alpha.-(nonylphenyl)-.omega.-hydroxy-",42173-90-0,"26-(4-Octylphenoxy)-3,6,9,12,15,18,21,24-octaoxahexacosan-1-ol"
9016459,"Poly(oxy-1,2-ethanediyl), .alpha.-(nonylphenyl)-.omega.-hydroxy-",51437-91-3,2-{2-[2-(4-Octylphenoxy)ethoxy]ethoxy}ethan-1-ol
9016459,"Poly(oxy-1,2-ethanediyl), .alpha.-(nonylphenyl)-.omega.-hydroxy-",51437-92-4,2-(2-{2-[2-(4-Octylphenoxy)ethoxy]ethoxy}ethoxy)ethan-1-ol
9016459,"Poly(oxy-1,2-ethanediyl), .alpha.-(nonylphenyl)-.omega.-hydroxy-",104-35-8,2-(4-Nonylphenoxy) ethanol
NA-32,Medium chain (C14-17) chlorinated paraffins (MCCPs),2425-54-9,1-Chlorotetradecane
NA-32,Medium chain (C14-17) chlorinated paraffins (MCCPs),4860-03-1,1-Chlorohexadecane
NA-32,Medium chain (C14-17) chlorinated paraffins (MCCPs),4862-03-7,"Pentadecane, 1-chloro-"
NA-32,Medium chain (C14-17) chlorinated paraffins (MCCPs),62016-75-5,"Heptadecane, 1-chloro-"
NA-32,Medium chain (C14-17) chlorinated paraffins (MCCPs),7735-39-9,"1,16-Dichlorohexadecane"
NA-32,Medium chain (C14-17) chlorinated paraffins (MCCPs),701920-83-4,"1,2-Dichlorotetradecane"
NA-32,Medium chain (C14-17) chlorinated paraffins (MCCPs),865306-25-8,"1,1,1,3-Tetrachlorotetradecane"
NA-32,Medium chain (C14-17) chlorinated paraffins (MCCPs),221155-23-3,"1,2,13,14-Tetrachlorotetradecane"
NA-32,Medium chain (C14-17) chlorinated paraffins (MCCPs),4168-40-5,"1,1-Dichlorotetradecane"
NA-32,Medium chain (C14-17) chlorinated paraffins (MCCPs),63415-61-2,"1,1-Dichlorohexadecane"
NA-32,Medium chain (C14-17) chlorinated paraffins (MCCPs),64881-25-0,3-Chlorotetradecane
NA-32,Medium chain (C14-17) chlorinated paraffins (MCCPs),77900-43-7,9-Chloroheptadecane
NA-32,Medium chain (C14-17) chlorinated paraffins (MCCPs),159715-72-7,"3,5,7,9,11,13-Hexachloropentadecane"
NA-32,Medium chain (C14-17) chlorinated paraffins (MCCPs),55005-80-6,"1,1,1,3-Tetrachloroheptadecane"
NA-32,Medium chain (C14-17) chlorinated paraffins (MCCPs),96949-61-0,"1,7,7,8,8,14-Hexachlorotetradecane"
NA-32,Medium chain (C14-17) chlorinated paraffins (MCCPs),34942-43-3,"Tetradecane, 2-chloro-"
NA-32,Medium chain (C14-17) chlorinated paraffins (MCCPs),23010-35-7,"Hexadecane, 2-chloro-"
NA-32,Medium chain (C14-17) chlorinated paraffins (MCCPs),34214-79-4,4-Chlorohexadecane
NA-32,Medium chain (C14-17) chlorinated paraffins (MCCPs),34214-86-3,3-Chloropentadecane
NA-32,Medium chain (C14-17) chlorinated paraffins (MCCPs),56554-79-1,"7-Heptadecene, 17-chloro-"
NA-31,Long Chain (C18-28) Chlorinated Paraffins (LCCPs),3386-33-2,Octadecyl chloride
NA-31,Long Chain (C18-28) Chlorinated Paraffins (LCCPs),71662-61-8,2-Chlorooctadecane
NA-31,Long Chain (C18-28) Chlorinated Paraffins (LCCPs),95278-34-5,"9,9,10,10-Tetrachlorooctadecane"
NA-31,Long Chain (C18-28) Chlorinated Paraffins (LCCPs),103385-13-3,7-Chlorooctadecane
NA-31,Long Chain (C18-28) Chlorinated Paraffins (LCCPs),872803-49-1,"9,10-Dichlorooctadecane"
NA-31,Long Chain (C18-28) Chlorinated Paraffins (LCCPs),858017-73-9,"1,10-Dichlorooctadecane"
NA-31,Long Chain (C18-28) Chlorinated Paraffins (LCCPs),137117-17-0,"1,18-Dichlorooctadecane"
NA-31,Long Chain (C18-28) Chlorinated Paraffins (LCCPs),62017-20-3,"1,1-Dichlorooctadecane"
NA-31,Long Chain (C18-28) Chlorinated Paraffins (LCCPs),103385-12-2,4-Chlorooctadecane
NA-31,Long Chain (C18-28) Chlorinated Paraffins (LCCPs),194223-05-7,"3,6,7,9,12,14,17-Heptachlorononadecane"
NA-31,Long Chain (C18-28) Chlorinated Paraffins (LCCPs),62017-21-4,"1,1-Dichlorononadecane"
NA-31,Long Chain (C18-28) Chlorinated Paraffins (LCCPs),42217-02-7,Chloroicosane
NA-31,Long Chain (C18-28) Chlorinated Paraffins (LCCPs),118081-16-6,"1,2-Dichloroicosane"
NA-31,Long Chain (C18-28) Chlorinated Paraffins (LCCPs),62017-22-5,"1,1-Dichloroicosane"
NA-31,Long Chain (C18-28) Chlorinated Paraffins (LCCPs),7735-40-2,"1,20-Dichloroeicosane"
NA-31,Long Chain (C18-28) Chlorinated Paraffins (LCCPs),63758-86-1,"Eicosane, 2-chloro-"
NA-31,Long Chain (C18-28) Chlorinated Paraffins (LCCPs),102444-85-9,"1,1,1,21-Tetrachlorohenicosane"
NA-31,Long Chain (C18-28) Chlorinated Paraffins (LCCPs),42217-03-8,1-Chlorodocosane
NA-31,Long Chain (C18-28) Chlorinated Paraffins (LCCPs),71662-62-9,2-Chlorodocosane
NA-31,Long Chain (C18-28) Chlorinated Paraffins (LCCPs),1024212-71-2,"1,5,9,13,17,21,22-Heptachlorotricosane"
NA-31,Long Chain (C18-28) Chlorinated Paraffins (LCCPs),2307470-52-4,"4,8,11,14,17,21-Hexachlorotetracosane"
NA-31,Long Chain (C18-28) Chlorinated Paraffins (LCCPs),56134-53-3,1-Chlorohexacosane
NA-31,Long Chain (C18-28) Chlorinated Paraffins (LCCPs),861365-48-2,"13,14,14-Trichloroheptacosane"
NA-31,Long Chain (C18-28) Chlorinated Paraffins (LCCPs),62016-79-9,1-Chloroheptacosane
85535848,"Alkanes, C10-13, chloro",2350-11-0,2-Chlorododecane
85535849,"Alkanes, C10-13, chloro",112-52-7,1-Chlorododecane
85535850,"Alkanes, C10-13, chloro",1002-69-3,1-Chlorodecane
85535851,"Alkanes, C10-13, chloro",822-13-9,"Tridecane, 1-chloro-"
85535852,"Alkanes, C10-13, chloro",2162-98-3,"Decane, 1,10-dichloro-"
85535853,"Alkanes, C10-13, chloro",2473-03-2,"Undecane, 1-chloro-"
68920707,"Alkanes, C6-18, chloro",1001-89-4,2-Chloroheptane
68920707,"Alkanes, C6-18, chloro",10575-88-9,"2,3-Dichloroheptane"
68920707,"Alkanes, C6-18, chloro",13275-18-8,"2,5-Dichlorohexane"
68920707,"Alkanes, C6-18, chloro",13375-88-7,"1,1,1,3-Tetrachloroheptane"
68920707,"Alkanes, C6-18, chloro",138107-24-1,"1,3,5,7-Tetrachloroheptane"
68920707,"Alkanes, C6-18, chloro",139029-86-0,"1,2,4,6,7-Pentachloroheptane"
68920707,"Alkanes, C6-18, chloro",17655-66-2,"1,1,7-Trichloroheptane"
68920707,"Alkanes, C6-18, chloro",2162-92-7,"Hexane, 1,2-dichloro-"
68920707,"Alkanes, C6-18, chloro",2163-00-0,"1,6-Dichlorohexane"
68920707,"Alkanes, C6-18, chloro",2346-81-8,"Hexane, 3-chloro-"
68920707,"Alkanes, C6-18, chloro",25335-16-4,"1,1,1,3-Tetrachlorohexane"
68920707,"Alkanes, C6-18, chloro",26264-54-0,"1,1,1,2,2,3-Hexachlorohexane"
68920707,"Alkanes, C6-18, chloro",3922-26-7,"Heptane, 1,1,1-trichloro-"
68920707,"Alkanes, C6-18, chloro",3922-36-9,"Heptane, 1,1,1,7-tetrachloro-"
68920707,"Alkanes, C6-18, chloro",54305-87-2,"2,3-dichlorohexane"
68920707,"Alkanes, C6-18, chloro",544-10-5,1-Chlorohexane
68920707,"Alkanes, C6-18, chloro",56375-88-3,"1,3-Dichlorohexane"
68920707,"Alkanes, C6-18, chloro",56375-90-7,"1,5-Dichloroheptane"
68920707,"Alkanes, C6-18, chloro",56375-91-8,"1,6-Dichloroheptane"
68920707,"Alkanes, C6-18, chloro",56686-57-8,"1,1,3-Trichloroheptane"
68920707,"Alkanes, C6-18, chloro",58468-00-1,"1,3,3,4,4,6-Hexachlorohexane"
68920707,"Alkanes, C6-18, chloro",59261-00-6,"1,1,1,3,7-Pentachloroheptane"
68920707,"Alkanes, C6-18, chloro",61700-00-3,"1,1,5-Trichloroheptane"
68920707,"Alkanes, C6-18, chloro",61700-01-4,"1,1,6-Trichloroheptane"
68920707,"Alkanes, C6-18, chloro",62021-33-4,"1,2,4,4,6-Pentachlorohexane"
68920707,"Alkanes, C6-18, chloro",629-06-1,"Heptane, 1-chloro-"
68920707,"Alkanes, C6-18, chloro",63424-29-3,"1,1,1,3,3,5,5,7-Octachloroheptane"
68920707,"Alkanes, C6-18, chloro",63745-66-4,"1,1,1,3,4,4,6-Heptachlorohexane"
68920707,"Alkanes, C6-18, chloro",638-28-8,"Hexane, 2-chloro-"
68920707,"Alkanes, C6-18, chloro",71570-98-4,"Heptane, 1,1,7,7-tetrachloro-"
68920707,"Alkanes, C6-18, chloro",762-22-1,"1,4,7-Trichloroheptane"
68920707,"Alkanes, C6-18, chloro",821-25-0,"1,1-Dichloroheptane"
68920707,"Alkanes, C6-18, chloro",821-76-1,"Heptane, 1,7-dichloro-"
68920707,"Alkanes, C6-18, chloro",82639-77-8,"Hexane, 1,1,1,3,6-pentachloro-"
68920707,"Alkanes, C6-18, chloro",83682-28-4,"2,2,3,4,5,5-Hexachlorohexane"
68920707,"Alkanes, C6-18, chloro",83682-29-5,"1,2,2,5,5,6-Hexachlorohexane"
68920707,"Alkanes, C6-18, chloro",86525-67-9,"3,3-dichlorohexane"
68920707,"Alkanes, C6-18, chloro",88878-72-2,"1,2,6-Trichlorohexane"
68920707,"Alkanes, C6-18, chloro",89796-76-9,"4,4-Dichloroheptane"
68920707,"Alkanes, C6-18, chloro",998-95-8,4-Chloroheptane
68920707,"Alkanes, C6-18, chloro",2473-01-0,1-Chlorononane
68920707,"Alkanes, C6-18, chloro",1561-48-4,"Nonane, 1,1,1,9-tetrachloro-"
68920707,"Alkanes, C6-18, chloro",10575-86-7,"Nonane, 1,1,3-trichloro-"
68920707,"Alkanes, C6-18, chloro",1070-27-5,"1,1,1,3-tetrachlorononane"
68920707,"Alkanes, C6-18, chloro",75296-43-4,"1,3,3-Trichlorononane"
68920707,"Alkanes, C6-18, chloro",66250-04-2,"2,2-Dichlorononane"
68920707,"Alkanes, C6-18, chloro",90279-03-1,"2,2,4-Trichlorononane"
68920707,"Alkanes, C6-18, chloro",56375-96-3,"1,2-Dichlorononane"
68920707,"Alkanes, C6-18, chloro",1854-75-7,"1,3-Dichlorononane"
68920707,"Alkanes, C6-18, chloro",127430-56-2,"2,4,6,8-Tetrachlorononane"
68920707,"Alkanes, C6-18, chloro",62619-29-8,"1,3,3,5,7,7,9-Heptachlorononane"
68920707,"Alkanes, C6-18, chloro",13389-26-9,"1,1,1,3,7,9,9,9-Octachlorononane"
68920707,"Alkanes, C6-18, chloro",865306-21-4,"1,1,1,3,8,9-Hexachlorononane"
68920707,"Alkanes, C6-18, chloro",865306-20-3,"1,2,8,9-Tetrachlorononane"
68920707,"Alkanes, C6-18, chloro",927-29-7,"1,4,9-Trichlorononane"
68920707,"Alkanes, C6-18, chloro",2216-36-6,2-Chlorononane
68920707,"Alkanes, C6-18, chloro",28123-70-8,5-Chlorononane
68920707,"Alkanes, C6-18, chloro",34314-35-7,3-Chlorononane
68920707,"Alkanes, C6-18, chloro",111-85-3,1-Chlorooctane
68920707,"Alkanes, C6-18, chloro",2162-99-4,"Octane, 1,8-dichloro-"
68920707,"Alkanes, C6-18, chloro",20395-24-8,"1,1-Dichlorooctane"
68920707,"Alkanes, C6-18, chloro",21948-47-0,"2,3-Dichlorooctane"
68920707,"Alkanes, C6-18, chloro",61856-19-7,"1,1,1,3,6,8,8,8-octachlorooctane"
68920707,"Alkanes, C6-18, chloro",18088-13-6,"1,1,1,3-Tetrachlorooctane"
68920707,"Alkanes, C6-18, chloro",56375-93-0,"1,5-Dichlorooctane"
68920707,"Alkanes, C6-18, chloro",56375-92-9,"1,4-Dichlorooctane"
68920707,"Alkanes, C6-18, chloro",56375-95-2,"1,7-Dichlorooctane"
68920707,"Alkanes, C6-18, chloro",865306-19-0,"1,2,7,8-Tetrachlorooctane"
68920707,"Alkanes, C6-18, chloro",56375-94-1,"1,6-Dichlorooctane"
68920707,"Alkanes, C6-18, chloro",628-61-5,"Octane, 2-chloro-"
68920707,"Alkanes, C6-18, chloro",999-07-5,"Octane, 4-chloro-"
68920707,"Alkanes, C6-18, chloro",1117-79-9,"Octane, 3-chloro-"
68920707,"Alkanes, C6-18, chloro",85269-46-1,"1,2,3-Trichlorooctane"
68920707,"Alkanes, C6-18, chloro",1379331-17-5,"1,1,1,3,7,8-hexachlorooctane"
68920707,"Alkanes, C6-18, chloro",21948-46-9,"1,2-Dichlorooctane"
68920707,"Alkanes, C6-18, chloro",2350-11-0,2-Chlorododecane
68920707,"Alkanes, C6-18, chloro",112-52-7,1-Chlorododecane
68920707,"Alkanes, C6-18, chloro",1002-69-3,1-Chlorodecane
68920707,"Alkanes, C6-18, chloro",822-13-9,"Tridecane, 1-chloro-"
68920707,"Alkanes, C6-18, chloro",2162-98-3,"Decane, 1,10-dichloro-"
68920707,"Alkanes, C6-18, chloro",2473-03-2,"Undecane, 1-chloro-"
68920707,"Alkanes, C6-18, chloro",2425-54-9,1-Chlorotetradecane
68920707,"Alkanes, C6-18, chloro",4860-03-1,1-Chlorohexadecane
68920707,"Alkanes, C6-18, chloro",4862-03-7,"Pentadecane, 1-chloro-"
68920707,"Alkanes, C6-18, chloro",62016-75-5,"Heptadecane, 1-chloro-"
68920707,"Alkanes, C6-18, chloro",7735-39-9,"1,16-Dichlorohexadecane"
68920707,"Alkanes, C6-18, chloro",701920-83-4,"1,2-Dichlorotetradecane"
68920707,"Alkanes, C6-18, chloro",865306-25-8,"1,1,1,3-Tetrachlorotetradecane"
68920707,"Alkanes, C6-18, chloro",221155-23-3,"1,2,13,14-Tetrachlorotetradecane"
68920707,"Alkanes, C6-18, chloro",4168-40-5,"1,1-Dichlorotetradecane"
68920707,"Alkanes, C6-18, chloro",63415-61-2,"1,1-Dichlorohexadecane"
68920707,"Alkanes, C6-18, chloro",64881-25-0,3-Chlorotetradecane
68920707,"Alkanes, C6-18, chloro",77900-43-7,9-Chloroheptadecane
68920707,"Alkanes, C6-18, chloro",159715-72-7,"3,5,7,9,11,13-Hexachloropentadecane"
68920707,"Alkanes, C6-18, chloro",55005-80-6,"1,1,1,3-Tetrachloroheptadecane"
68920707,"Alkanes, C6-18, chloro",96949-61-0,"1,7,7,8,8,14-Hexachlorotetradecane"
68920707,"Alkanes, C6-18, chloro",34942-43-3,"Tetradecane, 2-chloro-"
68920707,"Alkanes, C6-18, chloro",23010-35-7,"Hexadecane, 2-chloro-"
68920707,"Alkanes, C6-18, chloro",34214-79-4,4-Chlorohexadecane
68920707,"Alkanes, C6-18, chloro",34214-86-3,3-Chloropentadecane
68920707,"Alkanes, C6-18, chloro",56554-79-1,"7-Heptadecene, 17-chloro-"
68920707,"Alkanes, C6-18, chloro",95278-34-5,"9,9,10,10-Tetrachlorooctadecane"
68920707,"Alkanes, C6-18, chloro",872803-49-1,"9,10-Dichlorooctadecane"
68920707,"Alkanes, C6-18, chloro",858017-73-9,"1,10-Dichlorooctadecane"
68920707,"Alkanes, C6-18, chloro",137117-17-0,"1,18-Dichlorooctadecane"
68920707,"Alkanes, C6-18, chloro",62017-20-3,"1,1-Dichlorooctadecane"
68920707,"Alkanes, C6-18, chloro",3386-33-2,Octadecyl chloride
68920707,"Alkanes, C6-18, chloro",71662-61-8,2-Chlorooctadecane
68920707,"Alkanes, C6-18, chloro",103385-13-3,7-Chlorooctadecane
68920707,"Alkanes, C6-18, chloro",103385-12-2,4-Chlorooctadecane
9016879,"Isocyanic acid, polymethylenepolyphenylene ester",101-68-8,"4,4'-Diphenylmethane diisocyanate"
